Analysis,r_value,mZp_GeV,xsecXBR_pb
ATLAS-EXOT-2018-48,0.6666666666666666,4096.831370712471,-2.8980054372003163
ATLAS-EXOT-2018-48,0.6666666666666666,4085.427135678392,-2.8969091206393096
ATLAS-EXOT-2018-48,0.6666666666666666,4074.29044058409,-2.8785527001775457
ATLAS-EXOT-2018-48,0.6666666666666666,4072.86432160804,-2.877330903578873
ATLAS-EXOT-2018-48,0.6666666666666666,4060.3015075376884,-2.8749500404367154
ATLAS-EXOT-2018-48,0.6666666666666666,4049.2929458975823,-2.857123720711037
ATLAS-EXOT-2018-48,0.6666666666666666,4047.738693467337,-2.8560384959738547
ATLAS-EXOT-2018-48,0.6666666666666666,4035.175879396985,-2.852180934393537
ATLAS-EXOT-2018-48,0.6666666666666666,4024.525443041447,-2.835694741244528
ATLAS-EXOT-2018-48,0.6666666666666666,4022.613065326633,-2.834825752326448
ATLAS-EXOT-2018-48,0.6666666666666666,4010.0502512562816,-2.822536816006565
ATLAS-EXOT-2018-48,0.6666666666666666,4002.3775808138694,-2.8142657617780196
ATLAS-EXOT-2018-48,0.6666666666666666,3997.4874371859296,-2.813751852431244
ATLAS-EXOT-2018-48,0.6666666666666666,3984.9246231155785,-2.7995330836958976
ATLAS-EXOT-2018-48,0.6666666666666666,3972.361809045227,-2.795686335959829
ATLAS-EXOT-2018-48,0.6666666666666666,3961.160614726408,-2.792836782311511
ATLAS-EXOT-2018-48,0.6666666666666666,3959.7989949748744,-2.7925024942327146
ATLAS-EXOT-2018-48,0.6666666666666666,3947.236180904523,-2.7892944438725418
ATLAS-EXOT-2018-48,0.6666666666666666,3934.6733668341712,-2.786098497828898
ATLAS-EXOT-2018-48,0.6666666666666666,3922.110552763819,-2.782902551785255
ATLAS-EXOT-2018-48,0.6666666666666666,3909.547738693467,-2.779706605741611
ATLAS-EXOT-2018-48,0.6666666666666666,3896.9849246231156,-2.7759111873771554
ATLAS-EXOT-2018-48,0.6666666666666666,3887.048554288197,-2.771407802845002
ATLAS-EXOT-2018-48,0.6666666666666666,3884.422110552764,-2.7702174399967943
ATLAS-EXOT-2018-48,0.6666666666666666,3871.859296482412,-2.7645236926164323
ATLAS-EXOT-2018-48,0.6666666666666666,3859.2964824120604,-2.758829945236071
ATLAS-EXOT-2018-48,0.6666666666666666,3846.733668341709,-2.7531361978557096
ATLAS-EXOT-2018-48,0.6666666666666666,3839.7671652888066,-2.7499788233784934
ATLAS-EXOT-2018-48,0.6666666666666666,3834.170854271357,-2.7464096560993996
ATLAS-EXOT-2018-48,0.6666666666666666,3821.608040201005,-2.7368124279932964
ATLAS-EXOT-2018-48,0.6666666666666666,3812.1700612458567,-2.728549843911985
ATLAS-EXOT-2018-48,0.6666666666666666,3809.0452261306536,-2.7265232521792346
ATLAS-EXOT-2018-48,0.6666666666666666,3796.4824120603016,-2.718165186390694
ATLAS-EXOT-2018-48,0.6666666666666666,3783.9195979899496,-2.709453904067126
ATLAS-EXOT-2018-48,0.6666666666666666,3780.642830688231,-2.707120864445476
ATLAS-EXOT-2018-48,0.6666666666666666,3771.3567839195975,-2.700828074152323
ATLAS-EXOT-2018-48,0.6666666666666666,3758.7939698492464,-2.6923448592522066
ATLAS-EXOT-2018-48,0.6666666666666666,3748.90568142115,-2.6856918849789673
ATLAS-EXOT-2018-48,0.6666666666666666,3746.2311557788944,-2.6838626905689176
ATLAS-EXOT-2018-48,0.6666666666666666,3733.668341708543,-2.675270576547307
ATLAS-EXOT-2018-48,0.6666666666666666,3721.1055276381912,-2.666678462525696
ATLAS-EXOT-2018-48,0.6666666666666666,3717.573661841566,-2.6642629055124587
ATLAS-EXOT-2018-48,0.6666666666666666,3708.542713567839,-2.658086348504085
ATLAS-EXOT-2018-48,0.6666666666666666,3695.979899497488,-2.649494234482474
ATLAS-EXOT-2018-48,0.6666666666666666,3686.241642261981,-2.6428339260459497
ATLAS-EXOT-2018-48,0.6666666666666666,3683.417085427136,-2.640902120460863
ATLAS-EXOT-2018-48,0.6666666666666666,3670.854271356784,-2.632310006439252
ATLAS-EXOT-2018-48,0.6666666666666666,3658.291457286432,-2.6237178924176408
ATLAS-EXOT-2018-48,0.6666666666666666,3654.909622682397,-2.621404946579441
ATLAS-EXOT-2018-48,0.6666666666666666,3645.7286432160804,-2.61512577839603
ATLAS-EXOT-2018-48,0.6666666666666666,3633.165829145729,-2.6065336643744192
ATLAS-EXOT-2018-48,0.6666666666666666,3623.5776031028126,-2.5999759671129326
ATLAS-EXOT-2018-48,0.6666666666666666,3620.603015075377,-2.5981374096258194
ATLAS-EXOT-2018-48,0.6666666666666666,3608.040201005025,-2.5895867107924784
ATLAS-EXOT-2018-48,0.6666666666666666,3595.4773869346736,-2.5800590195922104
ATLAS-EXOT-2018-48,0.6666666666666666,3593.9080275897577,-2.578546987646424
ATLAS-EXOT-2018-48,0.6666666666666666,3582.9145728643216,-2.5705325164903323
ATLAS-EXOT-2018-48,0.6666666666666666,3570.35175879397,-2.561373917546671
ATLAS-EXOT-2018-48,0.6666666666666666,3564.5139597201505,-2.557118008179915
ATLAS-EXOT-2018-48,0.6666666666666666,3557.7889447236184,-2.5523934636128818
ATLAS-EXOT-2018-48,0.6666666666666666,3545.2261306532664,-2.543567672890729
ATLAS-EXOT-2018-48,0.6666666666666666,3534.475724510875,-2.5356890287134064
ATLAS-EXOT-2018-48,0.6666666666666666,3532.6633165829144,-2.5340751127827716
ATLAS-EXOT-2018-48,0.6666666666666666,3520.100502512563,-2.5201510240935776
ATLAS-EXOT-2018-48,0.6666666666666666,3514.785452935969,-2.514260049246898
ATLAS-EXOT-2018-48,0.6666666666666666,3507.537688442211,-2.5062269354043836
ATLAS-EXOT-2018-48,0.6666666666666666,3494.974874371859,-2.494741694891182
ATLAS-EXOT-2018-48,0.6666666666666666,3491.908191684414,-2.4928310697803884
ATLAS-EXOT-2018-48,0.6666666666666666,3482.4120603015076,-2.4869139501862296
ATLAS-EXOT-2018-48,0.6666666666666666,3469.8492462311556,-2.4771278967385855
ATLAS-EXOT-2018-48,0.6666666666666666,3463.8527903994795,-2.4714020903138803
ATLAS-EXOT-2018-48,0.6666666666666666,3457.286432160804,-2.4648165816775256
ATLAS-EXOT-2018-48,0.6666666666666666,3444.723618090452,-2.452217128898673
ATLAS-EXOT-2018-48,0.6666666666666666,3442.4861255545597,-2.4499731108473717
ATLAS-EXOT-2018-48,0.6666666666666666,3432.160804020101,-2.4431949345613164
ATLAS-EXOT-2018-48,0.6666666666666666,3419.597989949749,-2.4348235777921903
ATLAS-EXOT-2018-48,0.6666666666666666,3411.7364556744033,-2.4285441313808627
ATLAS-EXOT-2018-48,0.6666666666666666,3407.035175879397,-2.424302242218805
ATLAS-EXOT-2018-48,0.6666666666666666,3394.4723618090447,-2.413995262338468
ATLAS-EXOT-2018-48,0.6666666666666666,3384.8668242613667,-2.407115151914354
ATLAS-EXOT-2018-48,0.6666666666666666,3381.9095477386936,-2.404996958223513
ATLAS-EXOT-2018-48,0.6666666666666666,3369.3467336683416,-2.395998654108557
ATLAS-EXOT-2018-48,0.6666666666666666,3356.78391959799,-2.3871277863930995
ATLAS-EXOT-2018-48,0.6666666666666666,3354.6878692286546,-2.3856861724478455
ATLAS-EXOT-2018-48,0.6666666666666666,3344.2211055276384,-2.3787612582521866
ATLAS-EXOT-2018-48,0.6666666666666666,3331.6582914572864,-2.3702025716204806
ATLAS-EXOT-2018-48,0.6666666666666666,3322.115412176344,-2.364257192981337
ATLAS-EXOT-2018-48,0.6666666666666666,3319.095477386935,-2.362418126529298
ATLAS-EXOT-2018-48,0.6666666666666666,3306.5326633165832,-2.354548871259718
ATLAS-EXOT-2018-48,0.6666666666666666,3293.9698492462317,-2.3488068760962095
ATLAS-EXOT-2018-48,0.6666666666666666,3281.4070351758796,-2.3451699224700886
ATLAS-EXOT-2018-48,0.6666666666666666,3275.161574346712,-2.342828213514828
ATLAS-EXOT-2018-48,0.6666666666666666,3268.8442211055276,-2.340291764731561
ATLAS-EXOT-2018-48,0.6666666666666666,3256.281407035176,-2.3352477456981053
ATLAS-EXOT-2018-48,0.6666666666666666,3243.718592964824,-2.3302037444595194
ATLAS-EXOT-2018-48,0.6666666666666666,3231.155778894473,-2.3251597610157093
ATLAS-EXOT-2018-48,0.6666666666666666,3221.7895811088824,-2.3213992340483194
ATLAS-EXOT-2018-48,0.6666666666666666,3218.592964824121,-2.320441857253311
ATLAS-EXOT-2018-48,0.6666666666666666,3206.030150753769,-2.3166793328839375
ATLAS-EXOT-2018-48,0.6666666666666666,3193.467336683417,-2.3144862888023656
ATLAS-EXOT-2018-48,0.6666666666666666,3180.9045226130656,-2.313741995755687
ATLAS-EXOT-2018-48,0.6666666666666666,3168.3417085427136,-2.312997702709009
ATLAS-EXOT-2018-48,0.6666666666666666,3155.7788944723616,-2.3122534096623304
ATLAS-EXOT-2018-48,0.6666666666666666,3143.2160804020104,-2.3115091166156523
ATLAS-EXOT-2018-48,0.6666666666666666,3130.6532663316584,-2.3107648235689737
ATLAS-EXOT-2018-48,0.6666666666666666,3118.0904522613064,-2.310020530522295
ATLAS-EXOT-2018-48,0.6666666666666666,3105.5276381909543,-2.309145612324948
ATLAS-EXOT-2018-48,0.6666666666666666,3092.964824120603,-2.309468723284351
ATLAS-EXOT-2018-48,0.6666666666666666,3080.402010050251,-2.3107214758304377
ATLAS-EXOT-2018-48,0.6666666666666666,3067.8391959798996,-2.311932910803429
ATLAS-EXOT-2018-48,0.6666666666666666,3055.276381909548,-2.312984779368304
ATLAS-EXOT-2018-48,0.6666666666666666,3042.713567839196,-2.3140181020624953
ATLAS-EXOT-2018-48,0.6666666666666666,3030.150753768844,-2.315051424756687
ATLAS-EXOT-2018-48,0.6666666666666666,3017.5879396984924,-2.3160847474508786
ATLAS-EXOT-2018-48,0.6666666666666666,3005.025125628141,-2.31711807014507
ATLAS-EXOT-2018-48,0.6666666666666666,2992.462311557789,-2.318151392839262
ATLAS-EXOT-2018-48,0.6666666666666666,2979.8994974874367,-2.3191847155334537
ATLAS-EXOT-2018-48,0.6666666666666666,2967.3366834170856,-2.320218038227645
ATLAS-EXOT-2018-48,0.6666666666666666,2954.7738693467336,-2.321251360921837
ATLAS-EXOT-2018-48,0.6666666666666666,2952.976074132861,-2.3213992340483194
ATLAS-EXOT-2018-48,0.6666666666666666,2942.2110552763825,-2.3226408242479093
ATLAS-EXOT-2018-48,0.6666666666666666,2929.6482412060304,-2.324075476299066
ATLAS-EXOT-2018-48,0.6666666666666666,2917.0854271356784,-2.325447444689412
ATLAS-EXOT-2018-48,0.6666666666666666,2904.522613065327,-2.3267740100139083
ATLAS-EXOT-2018-48,0.6666666666666666,2891.959798994975,-2.3271708306877428
ATLAS-EXOT-2018-48,0.6666666666666666,2879.396984924623,-2.3270611119063336
ATLAS-EXOT-2018-48,0.6666666666666666,2866.834170854271,-2.3269510863800207
ATLAS-EXOT-2018-48,0.6666666666666666,2854.2713567839196,-2.3268333648395583
ATLAS-EXOT-2018-48,0.6666666666666666,2841.708542713568,-2.326715408904751
ATLAS-EXOT-2018-48,0.6666666666666666,2829.145728643216,-2.326597453462656
ATLAS-EXOT-2018-48,0.6666666666666666,2816.5829145728644,-2.32647949851327
ATLAS-EXOT-2018-48,0.6666666666666666,2804.0201005025133,-2.3263615440565903
ATLAS-EXOT-2018-48,0.6666666666666666,2791.457286432161,-2.3262435900926146
ATLAS-EXOT-2018-48,0.6666666666666666,2778.894472361809,-2.326125636621338
ATLAS-EXOT-2018-48,0.6666666666666666,2766.331658291457,-2.326007683642759
ATLAS-EXOT-2018-48,0.6666666666666666,2753.7688442211056,-2.3258897311568743
ATLAS-EXOT-2018-48,0.6666666666666666,2741.2060301507536,-2.32577177916368
ATLAS-EXOT-2018-48,0.6666666666666666,2728.643216080402,-2.3256538276631735
ATLAS-EXOT-2018-48,0.6666666666666666,2716.08040201005,-2.3255358766553518
ATLAS-EXOT-2018-48,0.6666666666666666,2703.5175879396984,-2.3254179261402115
ATLAS-EXOT-2018-48,0.6666666666666666,2692.6722601202573,-2.3213992340483194
ATLAS-EXOT-2018-48,0.6666666666666666,2690.954773869347,-2.320897418257398
ATLAS-EXOT-2018-48,0.6666666666666666,2678.3919597989952,-2.3153742660002354
ATLAS-EXOT-2018-48,0.6666666666666666,2665.829145728643,-2.308794654043216
ATLAS-EXOT-2018-48,0.6666666666666666,2653.2663316582916,-2.3008234098832165
ATLAS-EXOT-2018-48,0.6666666666666666,2652.0626608534135,-2.299970254581811
ATLAS-EXOT-2018-48,0.6666666666666666,2640.7035175879396,-2.2941880119161353
ATLAS-EXOT-2018-48,0.6666666666666666,2628.140703517588,-2.2880542627145264
ATLAS-EXOT-2018-48,0.6666666666666666,2615.577889447236,-2.281727585139828
ATLAS-EXOT-2018-48,0.6666666666666666,2609.9656991956235,-2.278541275115302
ATLAS-EXOT-2018-48,0.6666666666666666,2603.015075376885,-2.2750031391257743
ATLAS-EXOT-2018-48,0.6666666666666666,2590.452261306533,-2.2686081815289874
ATLAS-EXOT-2018-48,0.6666666666666666,2577.889447236181,-2.2622132239322
ATLAS-EXOT-2018-48,0.6666666666666666,2567.868737537834,-2.2571122956487932
ATLAS-EXOT-2018-48,0.6666666666666666,2565.326633165829,-2.255818266335413
ATLAS-EXOT-2018-48,0.6666666666666666,2552.7638190954776,-2.2494233087386264
ATLAS-EXOT-2018-48,0.6666666666666666,2540.2010050251256,-2.243028351141839
ATLAS-EXOT-2018-48,0.6666666666666666,2527.638190954774,-2.236633393545052
ATLAS-EXOT-2018-48,0.6666666666666666,2525.771775880045,-2.2356833161822847
ATLAS-EXOT-2018-48,0.6666666666666666,2515.075376884422,-2.230238435948265
ATLAS-EXOT-2018-48,0.6666666666666666,2502.5125628140704,-2.223843478351478
ATLAS-EXOT-2018-48,0.6666666666666666,2489.9497487437184,-2.2174485207546906
ATLAS-EXOT-2018-48,0.6666666666666666,2483.674814222255,-2.2142543367157757
ATLAS-EXOT-2018-48,0.6666666666666666,2477.386934673367,-2.2111066443311893
ATLAS-EXOT-2018-48,0.6666666666666666,2464.824120603015,-2.204817740973315
ATLAS-EXOT-2018-48,0.6666666666666666,2452.261306532663,-2.198528839177552
ATLAS-EXOT-2018-48,0.6666666666666666,2440.8679341578113,-2.192825357249267
ATLAS-EXOT-2018-48,0.6666666666666666,2439.6984924623116,-2.192381567558372
ATLAS-EXOT-2018-48,0.6666666666666666,2427.13567839196,-2.1876141239188076
ATLAS-EXOT-2018-48,0.6666666666666666,2414.572864321608,-2.1828466802792423
ATLAS-EXOT-2018-48,0.6666666666666666,2402.010050251256,-2.178079236639678
ATLAS-EXOT-2018-48,0.6666666666666666,2389.447236180905,-2.173311793000113
ATLAS-EXOT-2018-48,0.6666666666666666,2384.3998759890706,-2.1713963777827585
ATLAS-EXOT-2018-48,0.6666666666666666,2376.884422110553,-2.1668851351035197
ATLAS-EXOT-2018-48,0.6666666666666666,2364.3216080402008,-2.1572105735373492
ATLAS-EXOT-2018-48,0.6666666666666666,2355.873283553615,-2.1499673983162495
ATLAS-EXOT-2018-48,0.6666666666666666,2351.758793969849,-2.1464398386151604
ATLAS-EXOT-2018-48,0.6666666666666666,2339.1959798994976,-2.135669103692972
ATLAS-EXOT-2018-48,0.6666666666666666,2330.878862402228,-2.128538418849741
ATLAS-EXOT-2018-48,0.6666666666666666,2326.6331658291456,-2.1248983687707828
ATLAS-EXOT-2018-48,0.6666666666666666,2314.070351758794,-2.1141276338485944
ATLAS-EXOT-2018-48,0.6666666666666666,2305.8844412508415,-2.1071094393832324
ATLAS-EXOT-2018-48,0.6666666666666666,2301.5075376884424,-2.1033568989264055
ATLAS-EXOT-2018-48,0.6666666666666666,2288.9447236180904,-2.100926872060474
ATLAS-EXOT-2018-48,0.6666666666666666,2276.381909547739,-2.099634214474941
ATLAS-EXOT-2018-48,0.6666666666666666,2263.819095477387,-2.098341556889408
ATLAS-EXOT-2018-48,0.6666666666666666,2251.256281407035,-2.097048899303875
ATLAS-EXOT-2018-48,0.6666666666666666,2238.693467336684,-2.095756241718342
ATLAS-EXOT-2018-48,0.6666666666666666,2226.1306532663316,-2.094463584132809
ATLAS-EXOT-2018-48,0.6666666666666666,2213.56783919598,-2.093170926547276
ATLAS-EXOT-2018-48,0.6666666666666666,2201.005025125628,-2.091878268961743
ATLAS-EXOT-2018-48,0.6666666666666666,2188.4422110552764,-2.0905856113762105
ATLAS-EXOT-2018-48,0.6666666666666666,2175.879396984925,-2.0892929537906775
ATLAS-EXOT-2018-48,0.6666666666666666,2163.316582914573,-2.0880020552206653
ATLAS-EXOT-2018-48,0.6666666666666666,2150.753768844221,-2.086724456466055
ATLAS-EXOT-2018-48,0.6666666666666666,2140.7710362119897,-2.085680459916724
ATLAS-EXOT-2018-48,0.6666666666666666,2138.190954773869,-2.085423503617582
ATLAS-EXOT-2018-48,0.6666666666666666,2125.6281407035176,-2.084283884267109
ATLAS-EXOT-2018-48,0.6666666666666666,2113.065326633166,-2.0833104982771338
ATLAS-EXOT-2018-48,0.6666666666666666,2100.502512562814,-2.082291744560119
ATLAS-EXOT-2018-48,0.6666666666666666,2087.9396984924624,-2.0710901900191967
ATLAS-EXOT-2018-48,0.6666666666666666,2080.4930849720577,-2.064251480450215
ATLAS-EXOT-2018-48,0.6666666666666666,2075.3768844221104,-2.0599151501566766
ATLAS-EXOT-2018-48,0.6666666666666666,2062.814070351759,-2.049267305004102
ATLAS-EXOT-2018-48,0.6666666666666666,2055.210196190562,-2.042822500983706
ATLAS-EXOT-2018-48,0.6666666666666666,2050.251256281407,-2.0386194598515277
ATLAS-EXOT-2018-48,0.6666666666666666,2037.6884422110552,-2.027971614698953
ATLAS-EXOT-2018-48,0.6666666666666666,2029.9273074090659,-2.0213935215171976
ATLAS-EXOT-2018-48,0.6666666666666666,2025.1256281407036,-2.017323769546379
ATLAS-EXOT-2018-48,0.6666666666666666,2012.5628140703518,-2.006675924393804
ATLAS-EXOT-2018-48,0.6666666666666666,2004.6444186275694,-1.9999645420506886
ATLAS-EXOT-2018-48,0.6666666666666666,2000.0,-1.9960280792412295
ATLAS-EXOT-2018-48,0.6666666666666666,4157.019697387303,-2.9578135218158024
ATLAS-EXOT-2018-48,0.6666666666666666,4148.24120603015,-2.9576714419271752
ATLAS-EXOT-2018-48,0.6666666666666666,4139.195717898609,-2.9428396385770714
ATLAS-EXOT-2018-48,0.6666666666666666,4135.678391959799,-2.940377537889102
ATLAS-EXOT-2018-48,0.6666666666666666,4123.115577889447,-2.9322169189254295
ATLAS-EXOT-2018-48,0.6666666666666666,4116.312696946497,-2.921410659110563
ATLAS-EXOT-2018-48,0.6666666666666666,4110.552763819096,-2.9186814860988077
ATLAS-EXOT-2018-48,0.6666666666666666,4098.880823974587,-2.8999816796440543
ATLAS-EXOT-2018-48,0.6666666666666666,4183.533509569903,-2.981610391721741
ATLAS-EXOT-2018-48,0.6666666666666666,4173.366834170854,-2.980673157692017
ATLAS-EXOT-2018-48,0.6666666666666666,4163.482778045524,-2.9642686180435804
ATLAS-EXOT-2018-48,0.6666666666666666,4214.496940674451,-3.012997184711655
ATLAS-EXOT-2018-48,0.6666666666666666,4211.05527638191,-3.012905616982154
ATLAS-EXOT-2018-48,0.6666666666666666,4207.4185395457,-3.0071265769765976
ATLAS-EXOT-2018-48,0.6666666666666666,4198.4924623115585,-3.0029877727785075
ATLAS-EXOT-2018-48,0.6666666666666666,4187.750142962861,-2.985697597510089
ATLAS-EXOT-2018-48,0.6666666666666666,4243.31302411355,-3.04072114636675
ATLAS-EXOT-2018-48,0.6666666666666666,4236.180904522613,-3.040612271169292
ATLAS-EXOT-2018-48,0.6666666666666666,4228.830177480976,-3.0285555564431066
ATLAS-EXOT-2018-48,0.6666666666666666,4270.293413696556,-3.065313879164302
ATLAS-EXOT-2018-48,0.6666666666666666,4261.306532663317,-3.0645766065104643
ATLAS-EXOT-2018-48,0.6666666666666666,4252.519808268478,-3.0499845359096156
ATLAS-EXOT-2018-48,0.6666666666666666,4299.352776818689,-3.0934528143518527
ATLAS-EXOT-2018-48,0.6666666666666666,4298.994974874373,-3.0934440112195096
ATLAS-EXOT-2018-48,0.6666666666666666,4298.616437233407,-3.0928424948426327
ATLAS-EXOT-2018-48,0.6666666666666666,4329.742034215837,-3.1238602123975117
ATLAS-EXOT-2018-48,0.6666666666666666,4324.120603015075,-3.123785693038011
ATLAS-EXOT-2018-48,0.6666666666666666,4318.3290504423985,-3.1142714743091413
ATLAS-EXOT-2018-48,1.0,4033.475890694868,-2.832794991014448
ATLAS-EXOT-2018-48,1.0,4022.613065326633,-2.827858897694121
ATLAS-EXOT-2018-48,1.0,4014.0531010693467,-2.8142657617780196
ATLAS-EXOT-2018-48,1.0,4010.0502512562816,-2.8104724596492123
ATLAS-EXOT-2018-48,1.0,3997.4874371859296,-2.804548309533711
ATLAS-EXOT-2018-48,1.0,3990.3522257869827,-2.792836782311511
ATLAS-EXOT-2018-48,1.0,3984.9246231155785,-2.7882260783129205
ATLAS-EXOT-2018-48,1.0,3972.3618090452264,-2.779544135108308
ATLAS-EXOT-2018-48,1.0,3967.3156369840062,-2.771407802845002
ATLAS-EXOT-2018-48,1.0,3959.7989949748744,-2.7662684905832386
ATLAS-EXOT-2018-48,1.0,3947.249144353481,-2.7499788233784934
ATLAS-EXOT-2018-48,1.0,3947.236180904523,-2.749966552120358
ATLAS-EXOT-2018-48,1.0,3934.6733668341712,-2.7440482188940765
ATLAS-EXOT-2018-48,1.0,3924.8635745682,-2.728549843911985
ATLAS-EXOT-2018-48,1.0,3922.110552763819,-2.7259572492777093
ATLAS-EXOT-2018-48,1.0,3909.547738693467,-2.721363829372924
ATLAS-EXOT-2018-48,1.0,3900.8661399559332,-2.707120864445476
ATLAS-EXOT-2018-48,1.0,3896.9849246231156,-2.7038476919787295
ATLAS-EXOT-2018-48,1.0,3884.422110552764,-2.6976980772116272
ATLAS-EXOT-2018-48,1.0,3877.0902181802585,-2.6856918849789673
ATLAS-EXOT-2018-48,1.0,3871.859296482412,-2.6819677614565203
ATLAS-EXOT-2018-48,1.0,3859.296482412061,-2.670756126957548
ATLAS-EXOT-2018-48,1.0,3855.18584234595,-2.6642629055124587
ATLAS-EXOT-2018-48,1.0,3846.733668341709,-2.6599208533786105
ATLAS-EXOT-2018-48,1.0,3836.059762305578,-2.6428339260459497
ATLAS-EXOT-2018-48,1.0,3834.170854271357,-2.641026299693931
ATLAS-EXOT-2018-48,1.0,3821.6080402010057,-2.637614689288846
ATLAS-EXOT-2018-48,1.0,3811.761209107236,-2.621404946579441
ATLAS-EXOT-2018-48,1.0,3809.0452261306536,-2.6190073069726845
ATLAS-EXOT-2018-48,1.0,3796.4824120603016,-2.6146741003676097
ATLAS-EXOT-2018-48,1.0,3787.4346116532593,-2.5999759671129326
ATLAS-EXOT-2018-48,1.0,3783.9195979899496,-2.597328978134247
ATLAS-EXOT-2018-48,1.0,3771.356783919598,-2.588463955353215
ATLAS-EXOT-2018-48,1.0,3764.9948581938397,-2.578546987646424
ATLAS-EXOT-2018-48,1.0,3758.7939698492464,-2.575577566153904
ATLAS-EXOT-2018-48,1.0,3747.5352049814114,-2.5571180081799154
ATLAS-EXOT-2018-48,1.0,3746.2311557788944,-2.5558152695703633
ATLAS-EXOT-2018-48,1.0,3733.668341708543,-2.553629323916871
ATLAS-EXOT-2018-48,1.0,3722.776175020239,-2.5356890287134064
ATLAS-EXOT-2018-48,1.0,3721.1055276381912,-2.5341808225857507
ATLAS-EXOT-2018-48,1.0,3708.542713567839,-2.5309622943974697
ATLAS-EXOT-2018-48,1.0,3698.2334335947417,-2.514260049246898
ATLAS-EXOT-2018-48,1.0,3695.979899497487,-2.5126748099534155
ATLAS-EXOT-2018-48,1.0,3683.417085427136,-2.5061219104767827
ATLAS-EXOT-2018-48,1.0,3674.8146456815857,-2.492831069780389
ATLAS-EXOT-2018-48,1.0,3670.854271356784,-2.491112599199582
ATLAS-EXOT-2018-48,1.0,3658.9794371889443,-2.4714020903138803
ATLAS-EXOT-2018-48,1.0,3658.291457286432,-2.4707088899050027
ATLAS-EXOT-2018-48,1.0,3645.7286432160804,-2.4693962614451723
ATLAS-EXOT-2018-48,1.0,3633.922410508756,-2.4499731108473717
ATLAS-EXOT-2018-48,1.0,3633.165829145729,-2.4493263205116897
ATLAS-EXOT-2018-48,1.0,3620.603015075377,-2.4474004164205407
ATLAS-EXOT-2018-48,1.0,3608.935768741024,-2.4285441313808627
ATLAS-EXOT-2018-48,1.0,3608.0402010050248,-2.42794562637471
ATLAS-EXOT-2018-48,1.0,3595.4773869346736,-2.424264474123069
ATLAS-EXOT-2018-48,1.0,3584.5517023327516,-2.407115151914354
ATLAS-EXOT-2018-48,1.0,3582.9145728643216,-2.4064340050243564
ATLAS-EXOT-2018-48,1.0,3570.499182816492,-2.3856861724478455
ATLAS-EXOT-2018-48,1.0,3570.35175879397,-2.3855431717046134
ATLAS-EXOT-2018-48,1.0,3557.7889447236184,-2.3847065181062463
ATLAS-EXOT-2018-48,1.0,3545.4583967579197,-2.364257192981337
ATLAS-EXOT-2018-48,1.0,3545.2261306532664,-2.364060997400585
ATLAS-EXOT-2018-48,1.0,3532.6633165829144,-2.362747436142038
ATLAS-EXOT-2018-48,1.0,3520.4954093265337,-2.342828213514828
ATLAS-EXOT-2018-48,1.0,3520.100502512563,-2.342558897648693
ATLAS-EXOT-2018-48,1.0,3507.537688442211,-2.3392129950825837
ATLAS-EXOT-2018-48,1.0,3495.955442238369,-2.3213992340483194
ATLAS-EXOT-2018-48,1.0,3494.974874371859,-2.321056812823826
ATLAS-EXOT-2018-48,1.0,3482.4120603015076,-2.30380957577359
ATLAS-EXOT-2018-48,1.0,3477.618316164661,-2.299970254581811
ATLAS-EXOT-2018-48,1.0,3469.849246231156,-2.2996153573136358
ATLAS-EXOT-2018-48,1.0,3457.2864321608035,-2.2840612873395254
ATLAS-EXOT-2018-48,1.0,3450.6751034327017,-2.278541275115302
ATLAS-EXOT-2018-48,1.0,3444.7236180904524,-2.278067040690723
ATLAS-EXOT-2018-48,1.0,3432.160804020101,-2.264171252547638
ATLAS-EXOT-2018-48,1.0,3423.7061016173384,-2.2571122956487932
ATLAS-EXOT-2018-48,1.0,3419.597989949749,-2.2560173957907694
ATLAS-EXOT-2018-48,1.0,3407.035175879397,-2.244224512597295
ATLAS-EXOT-2018-48,1.0,3395.8149918449335,-2.2356833161822847
ATLAS-EXOT-2018-48,1.0,3394.472361809045,-2.2347054656145553
ATLAS-EXOT-2018-48,1.0,3381.9095477386936,-2.2264169036263386
ATLAS-EXOT-2018-48,1.0,3369.3467336683416,-2.2182568836706738
ATLAS-EXOT-2018-48,1.0,3363.640581752501,-2.2142543367157757
ATLAS-EXOT-2018-48,1.0,3356.78391959799,-2.209735355459884
ATLAS-EXOT-2018-48,1.0,3344.2211055276384,-2.201440014297194
ATLAS-EXOT-2018-48,1.0,3331.6582914572864,-2.1931329567584625
ATLAS-EXOT-2018-48,1.0,3331.2110470465423,-2.192825357249267
ATLAS-EXOT-2018-48,1.0,3319.0954773869344,-2.1847770676298466
ATLAS-EXOT-2018-48,1.0,3306.5326633165837,-2.1764316766235767
ATLAS-EXOT-2018-48,1.0,3296.270301273854,-2.1713963777827585
ATLAS-EXOT-2018-48,1.0,3293.969849246231,-2.1702676451011578
ATLAS-EXOT-2018-48,1.0,3281.407035175879,-2.166466753019578
ATLAS-EXOT-2018-48,1.0,3268.8442211055276,-2.1628774059957983
ATLAS-EXOT-2018-48,1.0,3256.281407035176,-2.1592675779321606
ATLAS-EXOT-2018-48,1.0,3243.718592964824,-2.1555466113189032
ATLAS-EXOT-2018-48,1.0,3231.1557788944724,-2.1518375925058186
ATLAS-EXOT-2018-48,1.0,3225.006746480186,-2.1499673983162495
ATLAS-EXOT-2018-48,1.0,3218.592964824121,-2.1480166821095064
ATLAS-EXOT-2018-48,1.0,3206.030150753769,-2.1441957717131936
ATLAS-EXOT-2018-48,1.0,3193.467336683417,-2.1419746950734204
ATLAS-EXOT-2018-48,1.0,3180.9045226130656,-2.1412303880550683
ATLAS-EXOT-2018-48,1.0,3168.3417085427136,-2.140486081036716
ATLAS-EXOT-2018-48,1.0,3155.7788944723616,-2.139741774018364
ATLAS-EXOT-2018-48,1.0,3143.2160804020104,-2.138913870228299
ATLAS-EXOT-2018-48,1.0,3130.6532663316584,-2.1379869204886863
ATLAS-EXOT-2018-48,1.0,3118.0904522613064,-2.1369726375042597
ATLAS-EXOT-2018-48,1.0,3105.527638190955,-2.1359583545198326
ATLAS-EXOT-2018-48,1.0,3092.964824120603,-2.1361173993991023
ATLAS-EXOT-2018-48,1.0,3080.402010050251,-2.1371983447427048
ATLAS-EXOT-2018-48,1.0,3067.8391959798996,-2.1382792900863072
ATLAS-EXOT-2018-48,1.0,3055.276381909548,-2.1393602354299097
ATLAS-EXOT-2018-48,1.0,3042.713567839196,-2.140441180773512
ATLAS-EXOT-2018-48,1.0,3030.150753768844,-2.1415221261171142
ATLAS-EXOT-2018-48,1.0,3017.5879396984924,-2.142603071460717
ATLAS-EXOT-2018-48,1.0,3005.025125628141,-2.1436840168043196
ATLAS-EXOT-2018-48,1.0,2992.462311557789,-2.1448353675238168
ATLAS-EXOT-2018-48,1.0,2979.899497487437,-2.14596959603996
ATLAS-EXOT-2018-48,1.0,2967.3366834170856,-2.1471037550102006
ATLAS-EXOT-2018-48,1.0,2954.7738693467336,-2.148489870797223
ATLAS-EXOT-2018-48,1.0,2942.211055276382,-2.1498759865842447
ATLAS-EXOT-2018-48,1.0,2941.382561290688,-2.1499673983162495
ATLAS-EXOT-2018-48,1.0,2929.6482412060304,-2.151262102371267
ATLAS-EXOT-2018-48,1.0,2917.0854271356784,-2.1526482181582893
ATLAS-EXOT-2018-48,1.0,2904.522613065327,-2.154034333945311
ATLAS-EXOT-2018-48,1.0,2891.9597989949752,-2.1544772074341854
ATLAS-EXOT-2018-48,1.0,2879.3969849246237,-2.1543895071303507
ATLAS-EXOT-2018-48,1.0,2866.834170854271,-2.154301806826516
ATLAS-EXOT-2018-48,1.0,2854.2713567839196,-2.1542141065226814
ATLAS-EXOT-2018-48,1.0,2841.708542713568,-2.1541264062188468
ATLAS-EXOT-2018-48,1.0,2829.1457286432164,-2.1540387059150126
ATLAS-EXOT-2018-48,1.0,2816.5829145728644,-2.153951005611178
ATLAS-EXOT-2018-48,1.0,2804.0201005025124,-2.1538633053073433
ATLAS-EXOT-2018-48,1.0,2791.457286432161,-2.1537756050035086
ATLAS-EXOT-2018-48,1.0,2778.894472361809,-2.1536879046996744
ATLAS-EXOT-2018-48,1.0,2766.331658291457,-2.153595202669868
ATLAS-EXOT-2018-48,1.0,2753.7688442211056,-2.1534824711094305
ATLAS-EXOT-2018-48,1.0,2741.2060301507536,-2.153369423936504
ATLAS-EXOT-2018-48,1.0,2728.643216080402,-2.153253633400219
ATLAS-EXOT-2018-48,1.0,2716.0804020100504,-2.153135587477628
ATLAS-EXOT-2018-48,1.0,2703.5175879396984,-2.153017541555037
ATLAS-EXOT-2018-48,1.0,2692.460845490147,-2.1499673983162495
ATLAS-EXOT-2018-48,1.0,2690.954773869347,-2.149551929276225
ATLAS-EXOT-2018-48,1.0,2678.3919597989952,-2.1447844856366602
ATLAS-EXOT-2018-48,1.0,2665.829145728643,-2.1400170419970954
ATLAS-EXOT-2018-48,1.0,2653.2663316582916,-2.1352495983575306
ATLAS-EXOT-2018-48,1.0,2640.7035175879396,-2.130482154717966
ATLAS-EXOT-2018-48,1.0,2635.58152891633,-2.1285384188497405
ATLAS-EXOT-2018-48,1.0,2628.140703517588,-2.1257147110784014
ATLAS-EXOT-2018-48,1.0,2615.577889447236,-2.1209472674388365
ATLAS-EXOT-2018-48,1.0,2603.0150753768844,-2.1161798237992717
ATLAS-EXOT-2018-48,1.0,2590.452261306533,-2.1114123801597073
ATLAS-EXOT-2018-48,1.0,2579.11347074759,-2.1071094393832324
ATLAS-EXOT-2018-48,1.0,2577.889447236181,-2.106370478837163
ATLAS-EXOT-2018-48,1.0,2565.326633165829,-2.0968143640318067
ATLAS-EXOT-2018-48,1.0,2552.7638190954776,-2.086043629109618
ATLAS-EXOT-2018-48,1.0,2552.3402243195064,-2.0856804599167234
ATLAS-EXOT-2018-48,1.0,2540.2010050251256,-2.0756068508321235
ATLAS-EXOT-2018-48,1.0,2527.638190954774,-2.0651817291905528
ATLAS-EXOT-2018-48,1.0,2526.517192618186,-2.064251480450215
ATLAS-EXOT-2018-48,1.0,2515.075376884422,-2.0569382588715306
ATLAS-EXOT-2018-48,1.0,2502.5125628140704,-2.048908533075722
ATLAS-EXOT-2018-48,1.0,2492.990732113687,-2.042822500983706
ATLAS-EXOT-2018-48,1.0,2489.9497487437184,-2.0408788072799133
ATLAS-EXOT-2018-48,1.0,2477.386934673367,-2.032849081484105
ATLAS-EXOT-2018-48,1.0,2464.824120603015,-2.0248193556882965
ATLAS-EXOT-2018-48,1.0,2459.4642716091876,-2.0213935215171976
ATLAS-EXOT-2018-48,1.0,2452.261306532663,-2.016789629892488
ATLAS-EXOT-2018-48,1.0,2439.6984924623116,-2.0087599040966797
ATLAS-EXOT-2018-48,1.0,2427.13567839196,-2.000730178300871
ATLAS-EXOT-2018-48,1.0,2425.937811104688,-1.9999645420506886
ATLAS-EXOT-2018-48,1.0,2414.572864321608,-1.9927004525050624
ATLAS-EXOT-2018-48,1.0,2402.0100502512564,-1.984670726709254
ATLAS-EXOT-2018-48,1.0,2392.4113506001886,-1.97853556258418
ATLAS-EXOT-2018-48,1.0,2389.4472361809044,-1.9771067373114255
ATLAS-EXOT-2018-48,1.0,2376.884422110553,-1.970251866023569
ATLAS-EXOT-2018-48,1.0,2364.3216080402008,-1.9617583625396906
ATLAS-EXOT-2018-48,1.0,2357.761270511871,-1.9571065831176715
ATLAS-EXOT-2018-48,1.0,2351.758793969849,-1.9542177048767313
ATLAS-EXOT-2018-48,1.0,2339.1959798994976,-1.9484200909102591
ATLAS-EXOT-2018-48,1.0,2326.6331658291456,-1.94149957557934
ATLAS-EXOT-2018-48,1.0,2317.663863175019,-1.9356776036511625
ATLAS-EXOT-2018-48,1.0,2314.070351758794,-1.933380809016949
ATLAS-EXOT-2018-48,1.0,2301.5075376884424,-1.9253512800673187
ATLAS-EXOT-2018-48,1.0,2288.9447236180904,-1.9235394846929648
ATLAS-EXOT-2018-48,1.0,2276.381909547739,-1.9225755620788765
ATLAS-EXOT-2018-48,1.0,2263.819095477387,-1.9216116394647877
ATLAS-EXOT-2018-48,1.0,2251.256281407035,-1.920647716850699
ATLAS-EXOT-2018-48,1.0,2238.6934673366836,-1.9196837942366103
ATLAS-EXOT-2018-48,1.0,2226.130653266331,-1.9187198716225216
ATLAS-EXOT-2018-48,1.0,2213.56783919598,-1.9177559490084333
ATLAS-EXOT-2018-48,1.0,2201.005025125628,-1.9167920263943445
ATLAS-EXOT-2018-48,1.0,2188.4422110552764,-1.9158281037802556
ATLAS-EXOT-2018-48,1.0,2175.879396984925,-1.914864181166167
ATLAS-EXOT-2018-48,1.0,2167.8568360496065,-1.914248624184654
ATLAS-EXOT-2018-48,1.0,2163.316582914573,-1.9138964997996746
ATLAS-EXOT-2018-48,1.0,2150.753768844221,-1.9129012705549533
ATLAS-EXOT-2018-48,1.0,2138.190954773869,-1.9118678619661393
ATLAS-EXOT-2018-48,1.0,2125.6281407035176,-1.9105196288040172
ATLAS-EXOT-2018-48,1.0,2113.065326633166,-1.909171395641895
ATLAS-EXOT-2018-48,1.0,2100.502512562814,-1.907823162479773
ATLAS-EXOT-2018-48,1.0,2087.9396984924624,-1.8965932427123
ATLAS-EXOT-2018-48,1.0,2083.867510902642,-1.8928196447181453
ATLAS-EXOT-2018-48,1.0,2075.3768844221104,-1.884951586002937
ATLAS-EXOT-2018-48,1.0,2062.814070351759,-1.8733346630478935
ATLAS-EXOT-2018-48,1.0,2060.7429426838744,-1.8713906652516368
ATLAS-EXOT-2018-48,1.0,2050.251256281407,-1.861668272584212
ATLAS-EXOT-2018-48,1.0,2037.6884422110552,-1.8500341778303984
ATLAS-EXOT-2018-48,1.0,2037.6100549798261,-1.8499616857851278
ATLAS-EXOT-2018-48,1.0,2025.1256281407036,-1.8389877848267053
ATLAS-EXOT-2018-48,1.0,2014.2740242437335,-1.8285327063186192
ATLAS-EXOT-2018-48,1.0,2012.5628140703518,-1.8270598518259276
ATLAS-EXOT-2018-48,1.0,2000.0,-1.8167539743764949
ATLAS-EXOT-2018-48,1.0,4091.268429786487,-2.8885164687089624
ATLAS-EXOT-2018-48,1.0,4085.427135678392,-2.8879549310477968
ATLAS-EXOT-2018-48,1.0,4079.7228765813456,-2.8785527001775457
ATLAS-EXOT-2018-48,1.0,4072.8643216080404,-2.8726767814926903
ATLAS-EXOT-2018-48,1.0,4060.3015075376884,-2.861951638167509
ATLAS-EXOT-2018-48,1.0,4057.320049349414,-2.857123720711037
ATLAS-EXOT-2018-48,1.0,4047.738693467337,-2.8504337363708903
ATLAS-EXOT-2018-48,1.0,4036.4828162635317,-2.835694741244528
ATLAS-EXOT-2018-48,1.0,4120.169142738965,-2.9163847868827717
ATLAS-EXOT-2018-48,1.0,4110.552763819096,-2.911828351723123
ATLAS-EXOT-2018-48,1.0,4103.158374780947,-2.8999816796440543
ATLAS-EXOT-2018-48,1.0,4149.379309885585,-2.944780955547321
ATLAS-EXOT-2018-48,1.0,4148.24120603015,-2.944762535335641
ATLAS-EXOT-2018-48,1.0,4147.068486880817,-2.942839638577072
ATLAS-EXOT-2018-48,1.0,4135.678391959799,-2.934866661085379
ATLAS-EXOT-2018-48,1.0,4125.354930315603,-2.921410659110563
ATLAS-EXOT-2018-48,1.0,4177.970568643917,-2.972121423230386
ATLAS-EXOT-2018-48,1.0,4173.366834170854,-2.9716970193380012
ATLAS-EXOT-2018-48,1.0,4168.891077039655,-2.9642686180435804
ATLAS-EXOT-2018-48,1.0,4206.935975958391,-3.0001000936029163
ATLAS-EXOT-2018-48,1.0,4198.4924623115585,-2.9961850423646776
ATLAS-EXOT-2018-48,1.0,4191.976653186961,-2.985697597510089
ATLAS-EXOT-2018-48,1.0,4264.818907404694,-3.0559757577640636
ATLAS-EXOT-2018-48,1.0,4261.306532663317,-3.0556876068652956
ATLAS-EXOT-2018-48,1.0,4257.872385854237,-3.049984535909616
ATLAS-EXOT-2019-03,0.6666666666666666,3500.0,-2.4118969797012606
ATLAS-EXOT-2019-03,0.6666666666666666,3492.462311557789,-2.4113947495770702
ATLAS-EXOT-2019-03,0.6666666666666666,3491.0245571321007,-2.411298953154957
ATLAS-EXOT-2019-03,0.6666666666666666,3484.924623115578,-2.41089251945288
ATLAS-EXOT-2019-03,0.6666666666666666,3477.386934673367,-2.4103902893286904
ATLAS-EXOT-2019-03,0.6666666666666666,3469.849246231156,-2.4098880592044996
ATLAS-EXOT-2019-03,0.6666666666666666,3462.311557788945,-2.4093858290803096
ATLAS-EXOT-2019-03,0.6666666666666666,3454.7738693467336,-2.4088835989561193
ATLAS-EXOT-2019-03,0.6666666666666666,3447.2361809045224,-2.406348295239531
ATLAS-EXOT-2019-03,0.6666666666666666,3440.5806719498355,-2.3956387269902066
ATLAS-EXOT-2019-03,0.6666666666666666,3439.6984924623116,-2.387161438805425
ATLAS-EXOT-2019-03,0.6666666666666666,3438.951008077215,-2.3799785008254557
ATLAS-EXOT-2019-03,0.6666666666666666,3437.3213442045962,-2.364318274660706
ATLAS-EXOT-2019-03,0.6666666666666666,3435.6916803319764,-2.348658048495956
ATLAS-EXOT-2019-03,0.6666666666666666,3434.1276063189,-2.3329978223312056
ATLAS-EXOT-2019-03,0.6666666666666666,3439.698492462312,-2.3276415635097414
ATLAS-EXOT-2019-03,0.6666666666666666,3447.2361809045224,-2.323657565484234
ATLAS-EXOT-2019-03,0.6666666666666666,3454.7738693467336,-2.320467903156083
ATLAS-EXOT-2019-03,0.6666666666666666,3462.311557788945,-2.3178565486853664
ATLAS-EXOT-2019-03,0.6666666666666666,3463.99214458047,-2.317337596166455
ATLAS-EXOT-2019-03,0.6666666666666666,3462.311557788945,-2.3168102972655493
ATLAS-EXOT-2019-03,0.6666666666666666,3454.7738693467336,-2.31444528115868
ATLAS-EXOT-2019-03,0.6666666666666666,3447.2361809045224,-2.312080265051811
ATLAS-EXOT-2019-03,0.6666666666666666,3439.6984924623116,-2.3097152489449417
ATLAS-EXOT-2019-03,0.6666666666666666,3432.160804020101,-2.307350232838073
ATLAS-EXOT-2019-03,0.6666666666666666,3424.6231155778896,-2.304985216731204
ATLAS-EXOT-2019-03,0.6666666666666666,3417.0854271356784,-2.3026202006243346
ATLAS-EXOT-2019-03,0.6666666666666666,3414.080473610619,-2.3016773700017055
ATLAS-EXOT-2019-03,0.6666666666666666,3409.547738693467,-2.3002551845174657
ATLAS-EXOT-2019-03,0.6666666666666666,3402.0100502512564,-2.297890168410597
ATLAS-EXOT-2019-03,0.6666666666666666,3394.4723618090447,-2.2967896105554972
ATLAS-EXOT-2019-03,0.6666666666666666,3386.9346733668344,-2.296148855701042
ATLAS-EXOT-2019-03,0.6666666666666666,3379.396984924623,-2.295508100846586
ATLAS-EXOT-2019-03,0.6666666666666666,3371.859296482412,-2.294867345992131
ATLAS-EXOT-2019-03,0.6666666666666666,3364.3216080402008,-2.294226591137675
ATLAS-EXOT-2019-03,0.6666666666666666,3356.78391959799,-2.2935858362832198
ATLAS-EXOT-2019-03,0.6666666666666666,3349.2462311557792,-2.2929450814287637
ATLAS-EXOT-2019-03,0.6666666666666666,3341.708542713568,-2.289883532794709
ATLAS-EXOT-2019-03,0.6666666666666666,3337.74266940064,-2.2860171438369545
ATLAS-EXOT-2019-03,0.6666666666666666,3335.783118884462,-2.2703569176722045
ATLAS-EXOT-2019-03,0.6666666666666666,3334.170854271357,-2.2574721115545793
ATLAS-EXOT-2019-03,0.6666666666666666,3333.8235683682833,-2.254696691507454
ATLAS-EXOT-2019-03,0.6666666666666666,3331.8640178521055,-2.2390364653427035
ATLAS-EXOT-2019-03,0.6666666666666666,3329.9044673359267,-2.2233762391779535
ATLAS-EXOT-2019-03,0.6666666666666666,3329.903901677347,-2.2077160130132034
ATLAS-EXOT-2019-03,0.6666666666666666,3326.7292379284413,-2.192055786848453
ATLAS-EXOT-2019-03,0.6666666666666666,3326.6331658291456,-2.1920028219144503
ATLAS-EXOT-2019-03,0.6666666666666666,3319.0954773869344,-2.1878472640178126
ATLAS-EXOT-2019-03,0.6666666666666666,3311.5577889447236,-2.183691706121175
ATLAS-EXOT-2019-03,0.6666666666666666,3304.0201005025133,-2.1795361482245372
ATLAS-EXOT-2019-03,0.6666666666666666,3296.4824120603016,-2.177013382082356
ATLAS-EXOT-2019-03,0.6666666666666666,3289.3911762211947,-2.1763955606837024
ATLAS-EXOT-2019-03,0.6666666666666666,3288.9447236180904,-2.176356663659553
ATLAS-EXOT-2019-03,0.6666666666666666,3281.407035175879,-2.17569994523675
ATLAS-EXOT-2019-03,0.6666666666666666,3273.8693467336684,-2.1750432268139477
ATLAS-EXOT-2019-03,0.6666666666666666,3266.3316582914576,-2.1743865083911444
ATLAS-EXOT-2019-03,0.6666666666666666,3258.7939698492464,-2.1733175158987525
ATLAS-EXOT-2019-03,0.6666666666666666,3251.256281407035,-2.168372604109311
ATLAS-EXOT-2019-03,0.6666666666666666,3246.5934918880525,-2.160735334518952
ATLAS-EXOT-2019-03,0.6666666666666666,3244.372951477417,-2.145075108354202
ATLAS-EXOT-2019-03,0.6666666666666666,3243.718592964824,-2.1422639461701394
ATLAS-EXOT-2019-03,0.6666666666666666,3240.7276967289945,-2.129414882189452
ATLAS-EXOT-2019-03,0.6666666666666666,3237.082441980572,-2.1137546560247014
ATLAS-EXOT-2019-03,0.6666666666666666,3236.1809045226128,-2.1098815987318624
ATLAS-EXOT-2019-03,0.6666666666666666,3233.437187232149,-2.098094429859951
ATLAS-EXOT-2019-03,0.6666666666666666,3229.223739146803,-2.0824342036952004
ATLAS-EXOT-2019-03,0.6666666666666666,3228.643216080402,-2.081722797357285
ATLAS-EXOT-2019-03,0.6666666666666666,3221.1055276381912,-2.080961868548704
ATLAS-EXOT-2019-03,0.6666666666666666,3213.56783919598,-2.0801358836424306
ATLAS-EXOT-2019-03,0.6666666666666666,3206.030150753769,-2.0747762756902732
ATLAS-EXOT-2019-03,0.6666666666666666,3202.383418376038,-2.0667739775304503
ATLAS-EXOT-2019-03,0.6666666666666666,3198.4924623115576,-2.0633009899457124
ATLAS-EXOT-2019-03,0.6666666666666666,3190.954773869347,-2.062674657675096
ATLAS-EXOT-2019-03,0.6666666666666666,3183.417085427136,-2.0619151070439106
ATLAS-EXOT-2019-03,0.6666666666666666,3175.879396984925,-2.060974777574752
ATLAS-EXOT-2019-03,0.6666666666666666,3168.3417085427136,-2.0597804111625573
ATLAS-EXOT-2019-03,0.6666666666666666,3160.8040201005024,-2.0582129854986135
ATLAS-EXOT-2019-03,0.6666666666666666,3153.266331658291,-2.0560653640596205
ATLAS-EXOT-2019-03,0.6666666666666666,3145.7286432160804,-2.052700624855331
ATLAS-EXOT-2019-03,0.6666666666666666,3143.3211561631188,-2.0511137513657003
ATLAS-EXOT-2019-03,0.6666666666666666,3145.7286432160804,-2.0413715595340536
ATLAS-EXOT-2019-03,0.6666666666666666,3153.266331658291,-2.0363101732803934
ATLAS-EXOT-2019-03,0.6666666666666666,3157.7147035670205,-2.03545352520095
ATLAS-EXOT-2019-03,0.6666666666666666,3153.266331658291,-2.034645982818695
ATLAS-EXOT-2019-03,0.6666666666666666,3145.72864321608,-2.033277616367731
ATLAS-EXOT-2019-03,0.6666666666666666,3138.1909547738696,-2.0319092499167666
ATLAS-EXOT-2019-03,0.6666666666666666,3130.6532663316584,-2.0305408834658025
ATLAS-EXOT-2019-03,0.6666666666666666,3123.115577889447,-2.029172517014838
ATLAS-EXOT-2019-03,0.6666666666666666,3115.577889447236,-2.027804150563874
ATLAS-EXOT-2019-03,0.6666666666666666,3108.040201005025,-2.02643578411291
ATLAS-EXOT-2019-03,0.6666666666666666,3100.5025125628135,-2.025067417661946
ATLAS-EXOT-2019-03,0.6666666666666666,3092.964824120603,-2.0245694163362216
ATLAS-EXOT-2019-03,0.6666666666666666,3085.427135678392,-2.024133583948015
ATLAS-EXOT-2019-03,0.6666666666666666,3077.889447236181,-2.023697751559808
ATLAS-EXOT-2019-03,0.6666666666666666,3070.3517587939696,-2.0232619191716013
ATLAS-EXOT-2019-03,0.6666666666666666,3062.814070351759,-2.022826086783394
ATLAS-EXOT-2019-03,0.6666666666666666,3055.276381909548,-2.0223902543951873
ATLAS-EXOT-2019-03,0.6666666666666666,3047.738693467337,-2.0219544220069805
ATLAS-EXOT-2019-03,0.6666666666666666,3040.201005025125,-2.0215185896187737
ATLAS-EXOT-2019-03,0.6666666666666666,3032.6633165829144,-2.021082757230567
ATLAS-EXOT-2019-03,0.6666666666666666,3025.1256281407036,-2.02064692484236
ATLAS-EXOT-2019-03,0.6666666666666666,3017.5879396984924,-2.0202110924541534
ATLAS-EXOT-2019-03,0.6666666666666666,3010.3622338928726,-2.0197932990361993
ATLAS-EXOT-2019-03,0.6666666666666666,3010.0502512562816,-2.0197752280679686
ATLAS-EXOT-2019-03,0.6666666666666666,3002.5125628140704,-2.0191786726127066
ATLAS-EXOT-2019-03,0.6666666666666666,2994.974874371859,-2.017934608088688
ATLAS-EXOT-2019-03,0.6666666666666666,2987.4371859296484,-2.0137376830728195
ATLAS-EXOT-2019-03,0.6666666666666666,2983.9187425730615,-2.004133072871449
ATLAS-EXOT-2019-03,0.6666666666666666,2982.7487752898187,-1.9884728467066988
ATLAS-EXOT-2019-03,0.6666666666666666,2981.578808006576,-1.9728126205419485
ATLAS-EXOT-2019-03,0.6666666666666666,2980.4088407233326,-1.9571523943771982
ATLAS-EXOT-2019-03,0.6666666666666666,2987.437185929649,-1.9493925145026398
ATLAS-EXOT-2019-03,0.6666666666666666,2994.974874371859,-1.9453557864233095
ATLAS-EXOT-2019-03,0.6666666666666666,3002.5125628140704,-1.9430177771970762
ATLAS-EXOT-2019-03,0.6666666666666666,3010.0502512562816,-1.9414926106279873
ATLAS-EXOT-2019-03,0.6666666666666666,3010.052897985616,-1.941492168212448
ATLAS-EXOT-2019-03,0.6666666666666666,3017.5879396984924,-1.9388327415516535
ATLAS-EXOT-2019-03,0.6666666666666666,3025.1256281407036,-1.9354014297885347
ATLAS-EXOT-2019-03,0.6666666666666666,3030.566692942142,-1.9258319420476977
ATLAS-EXOT-2019-03,0.6666666666666666,3032.6633165829144,-1.9119168504460597
ATLAS-EXOT-2019-03,0.6666666666666666,3033.319114287391,-1.9101717158829474
ATLAS-EXOT-2019-03,0.6666666666666666,3032.6633165829144,-1.9082616851095158
ATLAS-EXOT-2019-03,0.6666666666666666,3027.942268786635,-1.8945114897181967
ATLAS-EXOT-2019-03,0.6666666666666666,3025.1256281407036,-1.886307938112723
ATLAS-EXOT-2019-03,0.6666666666666666,3022.5654232858788,-1.8788512635534467
ATLAS-EXOT-2019-03,0.6666666666666666,3017.5879396984924,-1.877630370685285
ATLAS-EXOT-2019-03,0.6666666666666666,3010.0502512562816,-1.87420926885452
ATLAS-EXOT-2019-03,0.6666666666666666,3002.5125628140704,-1.8636046277109186
ATLAS-EXOT-2019-03,0.6666666666666666,3002.33239257752,-1.8631910373886964
ATLAS-EXOT-2019-03,0.6666666666666666,2994.974874371859,-1.8590013345543996
ATLAS-EXOT-2019-03,0.6666666666666666,2987.4371859296484,-1.8556035864625977
ATLAS-EXOT-2019-03,0.6666666666666666,2979.899497487437,-1.8485119548849642
ATLAS-EXOT-2019-03,0.6666666666666666,2979.2552750388563,-1.8475308112239461
ATLAS-EXOT-2019-03,0.6666666666666666,2972.3618090452264,-1.8428608840515643
ATLAS-EXOT-2019-03,0.6666666666666666,2964.824120603015,-1.8384002419231988
ATLAS-EXOT-2019-03,0.6666666666666666,2957.286432160804,-1.8330499747829905
ATLAS-EXOT-2019-03,0.6666666666666666,2956.1385898027984,-1.8318705850591956
ATLAS-EXOT-2019-03,0.6666666666666666,2949.748743718593,-1.827541831441851
ATLAS-EXOT-2019-03,0.6666666666666666,2942.211055276382,-1.8224354805719467
ATLAS-EXOT-2019-03,0.6666666666666666,2934.673366834171,-1.8174906628086953
ATLAS-EXOT-2019-03,0.6666666666666666,2933.0219045667413,-1.8162103588944456
ATLAS-EXOT-2019-03,0.6666666666666666,2927.13567839196,-1.812222778832138
ATLAS-EXOT-2019-03,0.6666666666666666,2919.597989949749,-1.8071164279622334
ATLAS-EXOT-2019-03,0.6666666666666666,2912.0603015075376,-1.8020100770923289
ATLAS-EXOT-2019-03,0.6666666666666666,2909.905219330683,-1.800550132729695
ATLAS-EXOT-2019-03,0.6666666666666666,2904.522613065327,-1.7969037262224248
ATLAS-EXOT-2019-03,0.6666666666666666,2896.9849246231156,-1.7936993536599934
ATLAS-EXOT-2019-03,0.6666666666666666,2889.4472361809044,-1.7933479485587722
ATLAS-EXOT-2019-03,0.6666666666666666,2881.9095477386936,-1.792996543457551
ATLAS-EXOT-2019-03,0.6666666666666666,2874.3718592964824,-1.7926451383563298
ATLAS-EXOT-2019-03,0.6666666666666666,2866.834170854271,-1.7922937332551083
ATLAS-EXOT-2019-03,0.6666666666666666,2859.2964824120604,-1.791942328153887
ATLAS-EXOT-2019-03,0.6666666666666666,2851.758793969849,-1.7915909230526657
ATLAS-EXOT-2019-03,0.6666666666666666,2844.2211055276384,-1.7912395179514444
ATLAS-EXOT-2019-03,0.6666666666666666,2836.683417085427,-1.7908881128502232
ATLAS-EXOT-2019-03,0.6666666666666666,2829.145728643216,-1.7905367077490018
ATLAS-EXOT-2019-03,0.6666666666666666,2821.6080402010048,-1.7901853026477805
ATLAS-EXOT-2019-03,0.6666666666666666,2814.070351758794,-1.789833897546559
ATLAS-EXOT-2019-03,0.6666666666666666,2806.5326633165832,-1.789482492445338
ATLAS-EXOT-2019-03,0.6666666666666666,2798.994974874372,-1.7891310873441166
ATLAS-EXOT-2019-03,0.6666666666666666,2791.457286432161,-1.7887796822428954
ATLAS-EXOT-2019-03,0.6666666666666666,2783.91959798995,-1.787260316940838
ATLAS-EXOT-2019-03,0.6666666666666666,2777.4165741982315,-1.784889906564945
ATLAS-EXOT-2019-03,0.6666666666666666,2776.381909547739,-1.7756149254903613
ATLAS-EXOT-2019-03,0.6666666666666666,2775.669607568209,-1.7692296804001946
ATLAS-EXOT-2019-03,0.6666666666666666,2773.9226409381863,-1.7535694542354445
ATLAS-EXOT-2019-03,0.6666666666666666,2772.1756743081637,-1.737909228070694
ATLAS-EXOT-2019-03,0.6666666666666666,2770.4287076781407,-1.7222490019059435
ATLAS-EXOT-2019-03,0.6666666666666666,2770.278986923153,-1.7065887757411935
ATLAS-EXOT-2019-03,0.6666666666666666,2776.381909547739,-1.7048946919985113
ATLAS-EXOT-2019-03,0.6666666666666666,2783.9195979899496,-1.702693158420998
ATLAS-EXOT-2019-03,0.6666666666666666,2791.457286432161,-1.7005915143630679
ATLAS-EXOT-2019-03,0.6666666666666666,2798.994974874372,-1.6983126858388902
ATLAS-EXOT-2019-03,0.6666666666666666,2806.532663316583,-1.6957028286467533
ATLAS-EXOT-2019-03,0.6666666666666666,2814.070351758794,-1.692789763847065
ATLAS-EXOT-2019-03,0.6666666666666666,2817.9709996152806,-1.690928549576443
ATLAS-EXOT-2019-03,0.6666666666666666,2814.070351758794,-1.6840405777569392
ATLAS-EXOT-2019-03,0.6666666666666666,2809.1026376035975,-1.675268323411693
ATLAS-EXOT-2019-03,0.6666666666666666,2806.532663316583,-1.6707301258821805
ATLAS-EXOT-2019-03,0.6666666666666666,2800.234275591914,-1.6596080972469425
ATLAS-EXOT-2019-03,0.6666666666666666,2798.994974874372,-1.6574196740074225
ATLAS-EXOT-2019-03,0.6666666666666666,2791.457286432161,-1.6441092221326639
ATLAS-EXOT-2019-03,0.6666666666666666,2791.3659135802304,-1.643947871082192
ATLAS-EXOT-2019-03,0.6666666666666666,2783.9195979899496,-1.630798770257905
ATLAS-EXOT-2019-03,0.6666666666666666,2782.497551568547,-1.628287644917442
ATLAS-EXOT-2019-03,0.6666666666666666,2776.381909547739,-1.6278191889999607
ATLAS-EXOT-2019-03,0.6666666666666666,2769.021796126715,-1.6126274187526914
ATLAS-EXOT-2019-03,0.6666666666666666,2768.8442211055276,-1.6122263057067865
ATLAS-EXOT-2019-03,0.6666666666666666,2761.306532663317,-1.6117463726317285
ATLAS-EXOT-2019-03,0.6666666666666666,2753.7688442211056,-1.6113791873354297
ATLAS-EXOT-2019-03,0.6666666666666666,2746.7947178507948,-1.5969671925879414
ATLAS-EXOT-2019-03,0.6666666666666666,2746.2311557788944,-1.5957212216763454
ATLAS-EXOT-2019-03,0.6666666666666666,2738.693467336683,-1.5954196458178362
ATLAS-EXOT-2019-03,0.6666666666666666,2731.866214572989,-1.581306966423191
ATLAS-EXOT-2019-03,0.6666666666666666,2731.1557788944724,-1.579737076202862
ATLAS-EXOT-2019-03,0.6666666666666666,2723.618090452261,-1.5794915387244919
ATLAS-EXOT-2019-03,0.6666666666666666,2716.0804020100504,-1.579286070658817
ATLAS-EXOT-2019-03,0.6666666666666666,2709.486986177679,-1.5656467402584409
ATLAS-EXOT-2019-03,0.6666666666666666,2708.542713567839,-1.5635859948983932
ATLAS-EXOT-2019-03,0.6666666666666666,2701.005025125628,-1.5634164562495996
ATLAS-EXOT-2019-03,0.6666666666666666,2693.467336683417,-1.5632770860679657
ATLAS-EXOT-2019-03,0.6666666666666666,2685.929648241206,-1.5631350780116553
ATLAS-EXOT-2019-03,0.6666666666666666,2678.3919597989952,-1.5629872470448594
ATLAS-EXOT-2019-03,0.6666666666666666,2670.854271356784,-1.5628332275265089
ATLAS-EXOT-2019-03,0.6666666666666666,2663.316582914573,-1.5626726225478793
ATLAS-EXOT-2019-03,0.6666666666666666,2655.7788944723616,-1.5625050005172714
ATLAS-EXOT-2019-03,0.6666666666666666,2648.2412060301504,-1.5623298912870371
ATLAS-EXOT-2019-03,0.6666666666666666,2640.7035175879396,-1.5621467817497652
ATLAS-EXOT-2019-03,0.6666666666666666,2633.165829145729,-1.5619551108167582
ATLAS-EXOT-2019-03,0.6666666666666666,2625.6281407035176,-1.5617542636752946
ATLAS-EXOT-2019-03,0.6666666666666666,2618.0904522613064,-1.5615435652008678
ATLAS-EXOT-2019-03,0.6666666666666666,2610.5527638190956,-1.5613222723756863
ATLAS-EXOT-2019-03,0.6666666666666666,2603.0150753768844,-1.5610895655340382
ATLAS-EXOT-2019-03,0.6666666666666666,2595.4773869346736,-1.5608445382171383
ATLAS-EXOT-2019-03,0.6666666666666666,2587.9396984924624,-1.5605861853727738
ATLAS-EXOT-2019-03,0.6666666666666666,2580.402010050251,-1.5603133895758923
ATLAS-EXOT-2019-03,0.6666666666666666,2572.86432160804,-1.5600249048717632
ATLAS-EXOT-2019-03,0.6666666666666666,2565.326633165829,-1.559719337748991
ATLAS-EXOT-2019-03,0.6666666666666666,2557.788944723618,-1.559395124629397
ATLAS-EXOT-2019-03,0.6666666666666666,2550.251256281407,-1.5590505051074453
ATLAS-EXOT-2019-03,0.6666666666666666,2542.713567839196,-1.5586834899724482
ATLAS-EXOT-2019-03,0.6666666666666666,2535.175879396985,-1.558291822787016
ATLAS-EXOT-2019-03,0.6666666666666666,2527.638190954774,-1.5578729334542352
ATLAS-EXOT-2019-03,0.6666666666666666,2520.100502512563,-1.5574238817545862
ATLAS-EXOT-2019-03,0.6666666666666666,2512.562814070352,-1.5569385268441556
ATLAS-EXOT-2019-03,0.6666666666666666,2505.025125628141,-1.5564150371807406
ATLAS-EXOT-2019-03,0.6666666666666666,2497.4874371859296,-1.5558488698286397
ATLAS-EXOT-2019-03,0.6666666666666666,2489.9497487437184,-1.5552345840366615
ATLAS-EXOT-2019-03,0.6666666666666666,2482.4120603015076,-1.5545657731929543
ATLAS-EXOT-2019-03,0.6666666666666666,2474.8743718592964,-1.5538348405425744
ATLAS-EXOT-2019-03,0.6666666666666666,2467.3366834170856,-1.5530327093644907
ATLAS-EXOT-2019-03,0.6666666666666666,2459.7989949748744,-1.5521484441194802
ATLAS-EXOT-2019-03,0.6666666666666666,2452.261306532663,-1.5511687489408335
ATLAS-EXOT-2019-03,0.6666666666666666,2444.7236180904524,-1.550077294495207
ATLAS-EXOT-2019-03,0.6666666666666666,2444.1331595869874,-1.5499865140936901
ATLAS-EXOT-2019-03,0.6666666666666666,2444.7236180904524,-1.5498020151412888
ATLAS-EXOT-2019-03,0.6666666666666666,2452.261306532663,-1.547612868547372
ATLAS-EXOT-2019-03,0.6666666666666666,2459.7989949748744,-1.5456925348443065
ATLAS-EXOT-2019-03,0.6666666666666666,2467.3366834170856,-1.5439943654066477
ATLAS-EXOT-2019-03,0.6666666666666666,2474.874371859297,-1.5424819149926436
ATLAS-EXOT-2019-03,0.6666666666666666,2482.4120603015076,-1.540515547592453
ATLAS-EXOT-2019-03,0.6666666666666666,2489.9497487437184,-1.5369702324922134
ATLAS-EXOT-2019-03,0.6666666666666666,2496.346862811569,-1.5343262879289399
ATLAS-EXOT-2019-03,0.6666666666666666,2497.4874371859296,-1.533093500754514
ATLAS-EXOT-2019-03,0.6666666666666666,2505.025125628141,-1.5276154239625588
ATLAS-EXOT-2019-03,0.6666666666666666,2512.562814070352,-1.5242073363601838
ATLAS-EXOT-2019-03,0.6666666666666666,2520.100502512563,-1.5217686612279053
ATLAS-EXOT-2019-03,0.6666666666666666,2527.638190954774,-1.519911271318214
ATLAS-EXOT-2019-03,0.6666666666666666,2533.809941377637,-1.51866606176419
ATLAS-EXOT-2019-03,0.6666666666666666,2530.257339541783,-1.5030058355994393
ATLAS-EXOT-2019-03,0.6666666666666666,2527.638190954774,-1.4914603652296132
ATLAS-EXOT-2019-03,0.6666666666666666,2526.704737705929,-1.4873456094346893
ATLAS-EXOT-2019-03,0.6666666666666666,2522.840506511808,-1.4716853832699388
ATLAS-EXOT-2019-03,0.6666666666666666,2520.100502512563,-1.4657872800416099
ATLAS-EXOT-2019-03,0.6666666666666666,2515.565441858072,-1.4560251571051888
ATLAS-EXOT-2019-03,0.6666666666666666,2512.562814070352,-1.449561732725845
ATLAS-EXOT-2019-03,0.6666666666666666,2508.2903772043355,-1.4403649309404383
ATLAS-EXOT-2019-03,0.6666666666666666,2505.025125628141,-1.4333361854100795
ATLAS-EXOT-2019-03,0.6666666666666666,2501.0153125505994,-1.4247047047756878
ATLAS-EXOT-2019-03,0.6666666666666666,2497.4874371859296,-1.417110638094314
ATLAS-EXOT-2019-03,0.6666666666666666,2493.7402478968634,-1.4090444786109377
ATLAS-EXOT-2019-03,0.6666666666666666,2489.9497487437184,-1.4022792505761283
ATLAS-EXOT-2019-03,0.6666666666666666,2485.5390808524076,-1.3933842524461872
ATLAS-EXOT-2019-03,0.6666666666666666,2482.4120603015076,-1.3888726946618857
ATLAS-EXOT-2019-03,0.6666666666666666,2475.1628082911775,-1.3777240262814372
ATLAS-EXOT-2019-03,0.6666666666666666,2474.8743718592964,-1.3773438087662586
ATLAS-EXOT-2019-03,0.6666666666666666,2467.3366834170856,-1.367027942209179
ATLAS-EXOT-2019-03,0.6666666666666666,2463.9382545477547,-1.3620638001166867
ATLAS-EXOT-2019-03,0.6666666666666666,2459.7989949748744,-1.3568373021743538
ATLAS-EXOT-2019-03,0.6666666666666666,2452.261306532663,-1.346698380952794
ATLAS-EXOT-2019-03,0.6666666666666666,2452.0507037575226,-1.3464035739519367
ATLAS-EXOT-2019-03,0.6666666666666666,2444.723618090453,-1.337428945518997
ATLAS-EXOT-2019-03,0.6666666666666666,2439.564269943532,-1.3307433477871862
ATLAS-EXOT-2019-03,0.6666666666666666,2437.185929648241,-1.3280509643464815
ATLAS-EXOT-2019-03,0.6666666666666666,2429.64824120603,-1.3189797656590094
ATLAS-EXOT-2019-03,0.6666666666666666,2426.5917714182924,-1.3150831216224357
ATLAS-EXOT-2019-03,0.6666666666666666,2422.110552763819,-1.310048794003408
ATLAS-EXOT-2019-03,0.6666666666666666,2414.572864321608,-1.301134730657304
ATLAS-EXOT-2019-03,0.6666666666666666,2413.183996122121,-1.2994228954576856
ATLAS-EXOT-2019-03,0.6666666666666666,2407.035175879397,-1.2927290887739689
ATLAS-EXOT-2019-03,0.6666666666666666,2399.497487437186,-1.2837872054933035
ATLAS-EXOT-2019-03,0.6666666666666666,2399.477081691198,-1.2837626692929351
ATLAS-EXOT-2019-03,0.6666666666666666,2391.9597989949752,-1.2756808114867328
ATLAS-EXOT-2019-03,0.6666666666666666,2385.3974880233827,-1.268102443128185
ATLAS-EXOT-2019-03,0.6666666666666666,2384.422110552764,-1.267098005628205
ATLAS-EXOT-2019-03,0.6666666666666666,2376.884422110553,-1.2590846940177025
ATLAS-EXOT-2019-03,0.6666666666666666,2371.0782763703373,-1.2524422169634346
ATLAS-EXOT-2019-03,0.6666666666666666,2369.3467336683416,-1.2506762694161324
ATLAS-EXOT-2019-03,0.6666666666666666,2361.8090452261304,-1.242679530026407
ATLAS-EXOT-2019-03,0.6666666666666666,2356.6024141571534,-1.2367819907986841
ATLAS-EXOT-2019-03,0.6666666666666666,2354.2713567839196,-1.234422134273316
ATLAS-EXOT-2019-03,0.6666666666666666,2346.7336683417084,-1.2264757680934693
ATLAS-EXOT-2019-03,0.6666666666666666,2341.890753402283,-1.221121764633934
ATLAS-EXOT-2019-03,0.6666666666666666,2339.1959798994976,-1.2184454326669796
ATLAS-EXOT-2019-03,0.6666666666666666,2331.6582914572864,-1.2105595440726478
ATLAS-EXOT-2019-03,0.6666666666666666,2327.0385344407014,-1.2054615384691836
ATLAS-EXOT-2019-03,0.6666666666666666,2324.120603015075,-1.2025458343527218
ATLAS-EXOT-2019-03,0.6666666666666666,2316.5829145728644,-1.1947587700367048
ATLAS-EXOT-2019-03,0.6666666666666666,2312.089597224121,-1.1898013123044335
ATLAS-EXOT-2019-03,0.6666666666666666,2309.045226130653,-1.1867842532028183
ATLAS-EXOT-2019-03,0.6666666666666666,2301.5075376884424,-1.178996361823387
ATLAS-EXOT-2019-03,0.6666666666666666,2293.969849246231,-1.1751935860485245
ATLAS-EXOT-2019-03,0.6666666666666666,2291.1007322785763,-1.174141086139683
ATLAS-EXOT-2019-03,0.6666666666666666,2286.43216080402,-1.1725974664801704
ATLAS-EXOT-2019-03,0.6666666666666666,2278.894472361809,-1.1699416602553252
ATLAS-EXOT-2019-03,0.6666666666666666,2271.356783919598,-1.1670615301154224
ATLAS-EXOT-2019-03,0.6666666666666666,2263.8190954773872,-1.163927401380999
ATLAS-EXOT-2019-03,0.6666666666666666,2256.281407035176,-1.160488880124949
ATLAS-EXOT-2019-03,0.6666666666666666,2252.13100694543,-1.158480859974933
ATLAS-EXOT-2019-03,0.6666666666666666,2248.743718592965,-1.156987930283999
ATLAS-EXOT-2019-03,0.6666666666666666,2241.2060301507536,-1.1533683186400228
ATLAS-EXOT-2019-03,0.6666666666666666,2233.668341708543,-1.1492721268635233
ATLAS-EXOT-2019-03,0.6666666666666666,2226.1306532663316,-1.14459859762449
ATLAS-EXOT-2019-03,0.6666666666666666,2223.5173026349116,-1.1428206338101825
ATLAS-EXOT-2019-03,0.6666666666666666,2218.592964824121,-1.1410024481125498
ATLAS-EXOT-2019-03,0.6666666666666666,2211.0552763819096,-1.1381629185383166
ATLAS-EXOT-2019-03,0.6666666666666666,2203.5175879396984,-1.1353128992504025
ATLAS-EXOT-2019-03,0.6666666666666666,2195.9798994974876,-1.1321655263145973
ATLAS-EXOT-2019-03,0.6666666666666666,2188.4422110552764,-1.1286717023692594
ATLAS-EXOT-2019-03,0.6666666666666666,2185.419984122019,-1.127160407645432
ATLAS-EXOT-2019-03,0.6666666666666666,2180.904522613065,-1.124695387596348
ATLAS-EXOT-2019-03,0.6666666666666666,2173.3668341708544,-1.1202422393200144
ATLAS-EXOT-2019-03,0.6666666666666666,2165.829145728643,-1.1153063997611075
ATLAS-EXOT-2019-03,0.6666666666666666,2160.5256241636016,-1.111500181480682
ATLAS-EXOT-2019-03,0.6666666666666666,2158.291457286432,-1.1097205307313425
ATLAS-EXOT-2019-03,0.6666666666666666,2150.753768844221,-1.1032018030949835
ATLAS-EXOT-2019-03,0.6666666666666666,2143.291450018963,-1.0958399553159315
ATLAS-EXOT-2019-03,0.6666666666666666,2143.21608040201,-1.0958178091684132
ATLAS-EXOT-2019-03,0.6666666666666666,2135.6783919597992,-1.093243296364999
ATLAS-EXOT-2019-03,0.6666666666666666,2128.140703517588,-1.0896822418917087
ATLAS-EXOT-2019-03,0.6666666666666666,2120.603015075377,-1.0844331911739593
ATLAS-EXOT-2019-03,0.6666666666666666,2116.328874997844,-1.0801797291511814
ATLAS-EXOT-2019-03,0.6666666666666666,2113.065326633166,-1.0717209335428657
ATLAS-EXOT-2019-03,0.6666666666666666,2110.299794007149,-1.064519502986431
ATLAS-EXOT-2019-03,0.6666666666666666,2105.527638190955,-1.0538951251643365
ATLAS-EXOT-2019-03,0.6666666666666666,2102.643370749382,-1.048859276821681
ATLAS-EXOT-2019-03,0.6666666666666666,2097.9899497487436,-1.0413563122392326
ATLAS-EXOT-2019-03,0.6666666666666666,2090.452261306533,-1.0378442177790734
ATLAS-EXOT-2019-03,0.6666666666666666,2082.9145728643216,-1.0339395076756388
ATLAS-EXOT-2019-03,0.6666666666666666,2081.574307698166,-1.0331990506569304
ATLAS-EXOT-2019-03,0.6666666666666666,2075.3768844221104,-1.0301694554864806
ATLAS-EXOT-2019-03,0.6666666666666666,2067.8391959798996,-1.0263013836911754
ATLAS-EXOT-2019-03,0.6666666666666666,2060.3015075376884,-1.022216201288371
ATLAS-EXOT-2019-03,0.6666666666666666,2052.763819095477,-1.0178951011990223
ATLAS-EXOT-2019-03,0.6666666666666666,2052.1611693338937,-1.01753882449218
ATLAS-EXOT-2019-03,0.6666666666666666,2045.2261306532664,-1.0138604578466928
ATLAS-EXOT-2019-03,0.6666666666666666,2037.6884422110552,-1.009561511726468
ATLAS-EXOT-2019-03,0.6666666666666666,2030.1507537688442,-1.0049117554943616
ATLAS-EXOT-2019-03,0.6666666666666666,2025.5442822512775,-1.0018785983274299
ATLAS-EXOT-2019-03,0.6666666666666666,2022.6130653266332,-0.9998610400211394
ATLAS-EXOT-2019-03,0.6666666666666666,2015.075376884422,-0.9944795904586468
ATLAS-EXOT-2019-03,0.6666666666666666,2007.537688442211,-0.9888561960805633
ATLAS-EXOT-2019-03,0.6666666666666666,2004.0019067556352,-0.9862183721626794
ATLAS-EXOT-2019-03,0.6666666666666666,2000.0,-0.983362245612268
ATLAS-EXOT-2019-03,0.6666666666666666,3122.9563944782644,-1.9571523943771982
ATLAS-EXOT-2019-03,0.6666666666666666,3123.115577889447,-1.9574694456583304
ATLAS-EXOT-2019-03,0.6666666666666666,3123.331670780796,-1.9571523943771982
ATLAS-EXOT-2019-03,0.6666666666666666,3123.115577889447,-1.9563870906365854
ATLAS-EXOT-2019-03,0.6666666666666666,3122.956394478265,-1.9571523943771982
ATLAS-EXOT-2019-03,1.0,3296.432947721132,-2.1136518894080636
ATLAS-EXOT-2019-03,1.0,3288.9447236180904,-2.1119376234809035
ATLAS-EXOT-2019-03,1.0,3285.0564695084913,-2.1137546560247014
ATLAS-EXOT-2019-03,1.0,3288.9447236180904,-2.1192715646319105
ATLAS-EXOT-2019-03,1.0,3296.4824120603016,-2.1139664990427125
ATLAS-EXOT-2019-03,1.0,3296.5375201443626,-2.1137546560247014
ATLAS-EXOT-2019-03,1.0,3310.8304284540045,-2.127903725304249
ATLAS-EXOT-2019-03,1.0,3310.3510098078414,-2.129414882189452
ATLAS-EXOT-2019-03,1.0,3311.5577889447236,-2.1311470888803012
ATLAS-EXOT-2019-03,1.0,3312.3694361438174,-2.129414882189452
ATLAS-EXOT-2019-03,1.0,3326.0477494192855,-2.1438588530725924
ATLAS-EXOT-2019-03,1.0,3325.7049718833946,-2.145075108354202
ATLAS-EXOT-2019-03,1.0,3326.6331658291456,-2.146432628640537
ATLAS-EXOT-2019-03,1.0,3327.298243876812,-2.145075108354202
ATLAS-EXOT-2019-03,1.0,3438.9835782935093,-2.254696691507454
ATLAS-EXOT-2019-03,1.0,3439.6984924623116,-2.2555566645156655
ATLAS-EXOT-2019-03,1.0,3440.601743840052,-2.2565732775414205
ATLAS-EXOT-2019-03,1.0,3451.9752687189693,-2.2703569176722045
ATLAS-EXOT-2019-03,1.0,3454.7738693467336,-2.2751242321526783
ATLAS-EXOT-2019-03,1.0,3458.221184995361,-2.27751902620623
ATLAS-EXOT-2019-03,1.0,3465.3371943156435,-2.2860171438369545
ATLAS-EXOT-2019-03,1.0,3462.311557788945,-2.292452155826501
ATLAS-EXOT-2019-03,1.0,3454.7738693467336,-2.29363855342795
ATLAS-EXOT-2019-03,1.0,3447.2361809045224,-2.2912735373210813
ATLAS-EXOT-2019-03,1.0,3439.6984924623116,-2.2889085212142124
ATLAS-EXOT-2019-03,1.0,3432.1608040201013,-2.2865435051073435
ATLAS-EXOT-2019-03,1.0,3430.4832056085243,-2.286017143836955
ATLAS-EXOT-2019-03,1.0,3424.6231155778896,-2.284178489000474
ATLAS-EXOT-2019-03,1.0,3417.0854271356784,-2.281813472893605
ATLAS-EXOT-2019-03,1.0,3409.547738693467,-2.279448456786736
ATLAS-EXOT-2019-03,1.0,3402.0100502512564,-2.277083440679867
ATLAS-EXOT-2019-03,1.0,3394.4723618090457,-2.2759828828247675
ATLAS-EXOT-2019-03,1.0,3386.9346733668344,-2.2753421279703123
ATLAS-EXOT-2019-03,1.0,3379.396984924623,-2.2747013731158567
ATLAS-EXOT-2019-03,1.0,3371.8592964824115,-2.2740606182614007
ATLAS-EXOT-2019-03,1.0,3364.3216080402008,-2.2718269613798556
ATLAS-EXOT-2019-03,1.0,3362.637279297518,-2.2703569176722045
ATLAS-EXOT-2019-03,1.0,3360.6777287813397,-2.254696691507454
ATLAS-EXOT-2019-03,1.0,3358.7181782651614,-2.2390364653427035
ATLAS-EXOT-2019-03,1.0,3356.78391959799,-2.223578365161592
ATLAS-EXOT-2019-03,1.0,3356.758627748983,-2.2233762391779535
ATLAS-EXOT-2019-03,1.0,3356.7839195979896,-2.223357487134877
ATLAS-EXOT-2019-03,1.0,3364.3216080402008,-2.221020013898
ATLAS-EXOT-2019-03,1.0,3371.859296482412,-2.2181703246996465
ATLAS-EXOT-2019-03,1.0,3379.396984924623,-2.2138306931390783
ATLAS-EXOT-2019-03,1.0,3385.913745199894,-2.2077160130132034
ATLAS-EXOT-2019-03,1.0,3379.396984924623,-2.2027536494538738
ATLAS-EXOT-2019-03,1.0,3371.8592964824115,-2.1953603679787004
ATLAS-EXOT-2019-03,1.0,3364.3216080402008,-2.1958121811200235
ATLAS-EXOT-2019-03,1.0,3357.5079550026353,-2.192055786848453
ATLAS-EXOT-2019-03,1.0,3356.78391959799,-2.189530426282545
ATLAS-EXOT-2019-03,1.0,3349.2462311557792,-2.1866276983594974
ATLAS-EXOT-2019-03,1.0,3341.708542713568,-2.1833455074301105
ATLAS-EXOT-2019-03,1.0,3334.170854271357,-2.1791899495334732
ATLAS-EXOT-2019-03,1.0,3329.1021648053766,-2.1763955606837024
ATLAS-EXOT-2019-03,1.0,3326.6331658291456,-2.175034391636835
ATLAS-EXOT-2019-03,1.0,3319.0954773869353,-2.170878833740198
ATLAS-EXOT-2019-03,1.0,3311.5577889447236,-2.1667232758435597
ATLAS-EXOT-2019-03,1.0,3304.020100502513,-2.1625677179469225
ATLAS-EXOT-2019-03,1.0,3298.545183443903,-2.160735334518952
ATLAS-EXOT-2019-03,1.0,3296.4824120603016,-2.160044951804741
ATLAS-EXOT-2019-03,1.0,3288.9447236180904,-2.1593102023123314
ATLAS-EXOT-2019-03,1.0,3281.407035175879,-2.156673341593538
ATLAS-EXOT-2019-03,1.0,3275.8308565338957,-2.145075108354202
ATLAS-EXOT-2019-03,1.0,3278.1410852461704,-2.129414882189452
ATLAS-EXOT-2019-03,1.0,3274.6382374809396,-2.1137546560247014
ATLAS-EXOT-2019-03,1.0,3273.869346733668,-2.112603185497956
ATLAS-EXOT-2019-03,1.0,3266.3316582914576,-2.1089618872587383
ATLAS-EXOT-2019-03,1.0,3263.001068257032,-2.098094429859951
ATLAS-EXOT-2019-03,1.0,3258.7939698492464,-2.0870983825439766
ATLAS-EXOT-2019-03,1.0,3251.256281407035,-2.0906786087031906
ATLAS-EXOT-2019-03,1.0,3243.718592964824,-2.0909574229509458
ATLAS-EXOT-2019-03,1.0,3236.1809045226128,-2.0841514350417065
ATLAS-EXOT-2019-03,1.0,3235.468228201227,-2.0824342036952004
ATLAS-EXOT-2019-03,1.0,3228.6432160804015,-2.0740704414950155
ATLAS-EXOT-2019-03,1.0,3221.1055276381912,-2.0746203443113576
ATLAS-EXOT-2019-03,1.0,3213.56783919598,-2.074835868439976
ATLAS-EXOT-2019-03,1.0,3207.394999299463,-2.0667739775304503
ATLAS-EXOT-2019-03,1.0,3206.030150753769,-2.0636031725007244
ATLAS-EXOT-2019-03,1.0,3198.4924623115576,-2.05839648260696
ATLAS-EXOT-2019-03,1.0,3190.9547738693464,-2.0572987032709227
ATLAS-EXOT-2019-03,1.0,3183.417085427136,-2.0559674306753575
ATLAS-EXOT-2019-03,1.0,3175.879396984925,-2.054319305057795
ATLAS-EXOT-2019-03,1.0,3168.3417085427136,-2.052225926146193
ATLAS-EXOT-2019-03,1.0,3165.023433381959,-2.0511137513657003
ATLAS-EXOT-2019-03,1.0,3168.3417085427136,-2.048041933078638
ATLAS-EXOT-2019-03,1.0,3175.879396984925,-2.039237957349139
ATLAS-EXOT-2019-03,1.0,3178.8886925728257,-2.03545352520095
ATLAS-EXOT-2019-03,1.0,3183.417085427136,-2.028682553363253
ATLAS-EXOT-2019-03,1.0,3190.954773869347,-2.024397860787682
ATLAS-EXOT-2019-03,1.0,3198.4924623115576,-2.021326993615765
ATLAS-EXOT-2019-03,1.0,3199.603183249073,-2.0197932990361993
ATLAS-EXOT-2019-03,1.0,3198.4924623115576,-2.018965560973194
ATLAS-EXOT-2019-03,1.0,3190.9547738693473,-2.015717671412543
ATLAS-EXOT-2019-03,1.0,3184.302519740089,-2.0041330728714493
ATLAS-EXOT-2019-03,1.0,3183.417085427136,-2.0034220416462403
ATLAS-EXOT-2019-03,1.0,3180.8404454547467,-2.0041330728714493
ATLAS-EXOT-2019-03,1.0,3175.879396984925,-2.00957959622673
ATLAS-EXOT-2019-03,1.0,3168.3417085427136,-2.0082112297757657
ATLAS-EXOT-2019-03,1.0,3160.804020100502,-2.0068428633248017
ATLAS-EXOT-2019-03,1.0,3153.266331658291,-2.0054744968738376
ATLAS-EXOT-2019-03,1.0,3145.8770565180084,-2.0041330728714493
ATLAS-EXOT-2019-03,1.0,3145.7286432160804,-2.0041061304228736
ATLAS-EXOT-2019-03,1.0,3138.1909547738696,-2.002737763971909
ATLAS-EXOT-2019-03,1.0,3130.6532663316584,-2.001369397520945
ATLAS-EXOT-2019-03,1.0,3123.115577889447,-2.0000010310699805
ATLAS-EXOT-2019-03,1.0,3115.577889447236,-1.9986326646190165
ATLAS-EXOT-2019-03,1.0,3108.040201005025,-1.9972642981680522
ATLAS-EXOT-2019-03,1.0,3100.502512562814,-1.995895931717088
ATLAS-EXOT-2019-03,1.0,3092.964824120603,-1.995397930391364
ATLAS-EXOT-2019-03,1.0,3085.427135678392,-1.9949620980031573
ATLAS-EXOT-2019-03,1.0,3077.889447236181,-1.9945262656149503
ATLAS-EXOT-2019-03,1.0,3070.3517587939696,-1.9940904332267435
ATLAS-EXOT-2019-03,1.0,3062.8140703517583,-1.9936546008385365
ATLAS-EXOT-2019-03,1.0,3055.276381909548,-1.99321876845033
ATLAS-EXOT-2019-03,1.0,3047.738693467337,-1.992782936062123
ATLAS-EXOT-2019-03,1.0,3040.2010050251256,-1.9923471036739162
ATLAS-EXOT-2019-03,1.0,3032.6633165829144,-1.989268433030349
ATLAS-EXOT-2019-03,1.0,3031.568589858084,-1.9884728467066988
ATLAS-EXOT-2019-03,1.0,3030.398622574841,-1.9728126205419483
ATLAS-EXOT-2019-03,1.0,3029.228655291598,-1.9571523943771982
ATLAS-EXOT-2019-03,1.0,3032.6633165829144,-1.955959780637465
ATLAS-EXOT-2019-03,1.0,3040.201005025126,-1.9537331308155697
ATLAS-EXOT-2019-03,1.0,3047.738693467337,-1.9519206384238144
ATLAS-EXOT-2019-03,1.0,3055.276381909548,-1.9504165851943227
ATLAS-EXOT-2019-03,1.0,3062.814070351759,-1.9491484124213998
ATLAS-EXOT-2019-03,1.0,3070.3517587939696,-1.9480646652830265
ATLAS-EXOT-2019-03,1.0,3077.889447236181,-1.9471278402784402
ATLAS-EXOT-2019-03,1.0,3085.427135678392,-1.9463099569889515
ATLAS-EXOT-2019-03,1.0,3092.964824120603,-1.945589715820542
ATLAS-EXOT-2019-03,1.0,3100.502512562814,-1.946051516089743
ATLAS-EXOT-2019-03,1.0,3108.040201005025,-1.9453879041578768
ATLAS-EXOT-2019-03,1.0,3111.786548006985,-1.941492168212448
ATLAS-EXOT-2019-03,1.0,3109.044364846547,-1.9258319420476977
ATLAS-EXOT-2019-03,1.0,3108.040201005025,-1.9247421440033263
ATLAS-EXOT-2019-03,1.0,3105.693910420615,-1.9258319420476977
ATLAS-EXOT-2019-03,1.0,3100.5025125628135,-1.9326963110954218
ATLAS-EXOT-2019-03,1.0,3092.964824120603,-1.9322490789062767
ATLAS-EXOT-2019-03,1.0,3085.427135678392,-1.9298593298498736
ATLAS-EXOT-2019-03,1.0,3077.889447236181,-1.926702184903772
ATLAS-EXOT-2019-03,1.0,3076.1649479294724,-1.9258319420476977
ATLAS-EXOT-2019-03,1.0,3077.889447236181,-1.9248556667701378
ATLAS-EXOT-2019-03,1.0,3085.427135678392,-1.9210290398090375
ATLAS-EXOT-2019-03,1.0,3092.964824120603,-1.9140170553854343
ATLAS-EXOT-2019-03,1.0,3093.504161378786,-1.9101717158829474
ATLAS-EXOT-2019-03,1.0,3092.964824120603,-1.9095835868553401
ATLAS-EXOT-2019-03,1.0,3085.427135678392,-1.9068039192472335
ATLAS-EXOT-2019-03,1.0,3077.9805478812596,-1.894511489718197
ATLAS-EXOT-2019-03,1.0,3077.889447236181,-1.8944116432315083
ATLAS-EXOT-2019-03,1.0,3070.3517587939696,-1.8940413439548929
ATLAS-EXOT-2019-03,1.0,3062.814070351759,-1.8811658506988524
ATLAS-EXOT-2019-03,1.0,3055.276381909548,-1.8809031601714572
ATLAS-EXOT-2019-03,1.0,3049.264003779274,-1.8788512635534467
ATLAS-EXOT-2019-03,1.0,3047.738693467337,-1.876493346918032
ATLAS-EXOT-2019-03,1.0,3040.2010050251256,-1.8678771863155859
ATLAS-EXOT-2019-03,1.0,3032.6633165829144,-1.8682294103911776
ATLAS-EXOT-2019-03,1.0,3025.225972985517,-1.8631910373886964
ATLAS-EXOT-2019-03,1.0,3025.1256281407036,-1.8628362030244656
ATLAS-EXOT-2019-03,1.0,3017.5879396984924,-1.8567567940320577
ATLAS-EXOT-2019-03,1.0,3010.0502512562816,-1.8529103577814645
ATLAS-EXOT-2019-03,1.0,3002.5125628140704,-1.8478040069115602
ATLAS-EXOT-2019-03,1.0,3002.109287749459,-1.847530811223946
ATLAS-EXOT-2019-03,1.0,2994.974874371859,-1.8426976560416555
ATLAS-EXOT-2019-03,1.0,2987.4371859296484,-1.8375913051717512
ATLAS-EXOT-2019-03,1.0,2979.899497487437,-1.8324849543018467
ATLAS-EXOT-2019-03,1.0,2978.992602513401,-1.8318705850591956
ATLAS-EXOT-2019-03,1.0,2972.3618090452264,-1.8273786034319426
ATLAS-EXOT-2019-03,1.0,2964.824120603015,-1.822272252562038
ATLAS-EXOT-2019-03,1.0,2957.286432160804,-1.8171659016921335
ATLAS-EXOT-2019-03,1.0,2955.875917277344,-1.8162103588944456
ATLAS-EXOT-2019-03,1.0,2949.748743718593,-1.812059550822229
ATLAS-EXOT-2019-03,1.0,2942.211055276382,-1.806953199952325
ATLAS-EXOT-2019-03,1.0,2934.673366834171,-1.8018468490824204
ATLAS-EXOT-2019-03,1.0,2932.759232041286,-1.8005501327296953
ATLAS-EXOT-2019-03,1.0,2927.13567839196,-1.7967404982125161
ATLAS-EXOT-2019-03,1.0,2919.597989949749,-1.7916341473426116
ATLAS-EXOT-2019-03,1.0,2912.0603015075376,-1.7865277964727073
ATLAS-EXOT-2019-03,1.0,2909.6425468052284,-1.784889906564945
ATLAS-EXOT-2019-03,1.0,2904.522613065327,-1.781421445602803
ATLAS-EXOT-2019-03,1.0,2896.9849246231156,-1.7782170730403717
ATLAS-EXOT-2019-03,1.0,2889.4472361809044,-1.7778656679391505
ATLAS-EXOT-2019-03,1.0,2881.9095477386936,-1.777514262837929
ATLAS-EXOT-2019-03,1.0,2874.3718592964824,-1.7771628577367078
ATLAS-EXOT-2019-03,1.0,2866.834170854271,-1.7768114526354863
ATLAS-EXOT-2019-03,1.0,2859.2964824120604,-1.7764600475342651
ATLAS-EXOT-2019-03,1.0,2851.758793969849,-1.776108642433044
ATLAS-EXOT-2019-03,1.0,2844.2211055276384,-1.7757572373318227
ATLAS-EXOT-2019-03,1.0,2836.683417085427,-1.7744944894970567
ATLAS-EXOT-2019-03,1.0,2829.145728643216,-1.7721947500590611
ATLAS-EXOT-2019-03,1.0,2822.2364288820468,-1.7692296804001946
ATLAS-EXOT-2019-03,1.0,2821.6080402010048,-1.7635966541618182
ATLAS-EXOT-2019-03,1.0,2820.489462252024,-1.7535694542354445
ATLAS-EXOT-2019-03,1.0,2818.742495622001,-1.737909228070694
ATLAS-EXOT-2019-03,1.0,2821.1673944564277,-1.7222490019059438
ATLAS-EXOT-2019-03,1.0,2821.6080402010048,-1.722132162377104
ATLAS-EXOT-2019-03,1.0,2829.145728643216,-1.7203066202031274
ATLAS-EXOT-2019-03,1.0,2836.683417085427,-1.7188848975052975
ATLAS-EXOT-2019-03,1.0,2844.221105527639,-1.7182934593639207
ATLAS-EXOT-2019-03,1.0,2851.758793969849,-1.717516469772966
ATLAS-EXOT-2019-03,1.0,2859.29648241206,-1.7163623250253968
ATLAS-EXOT-2019-03,1.0,2866.834170854271,-1.7151228887860774
ATLAS-EXOT-2019-03,1.0,2874.3718592964824,-1.713788343720191
ATLAS-EXOT-2019-03,1.0,2881.9095477386936,-1.7124011244480468
ATLAS-EXOT-2019-03,1.0,2889.447236180905,-1.708211118547799
ATLAS-EXOT-2019-03,1.0,2889.9168962023205,-1.7065887757411935
ATLAS-EXOT-2019-03,1.0,2889.4472361809044,-1.7062130300717544
ATLAS-EXOT-2019-03,1.0,2881.9095477386936,-1.7030360196832688
ATLAS-EXOT-2019-03,1.0,2874.3718592964824,-1.6937612684002892
ATLAS-EXOT-2019-03,1.0,2872.9613101864966,-1.690928549576443
ATLAS-EXOT-2019-03,1.0,2866.834170854271,-1.6869602072075223
ATLAS-EXOT-2019-03,1.0,2859.296482412061,-1.6791773478339886
ATLAS-EXOT-2019-03,1.0,2851.758793969849,-1.682455776705823
ATLAS-EXOT-2019-03,1.0,2848.244752091303,-1.675268323411693
ATLAS-EXOT-2019-03,1.0,2844.2211055276384,-1.664054480911788
ATLAS-EXOT-2019-03,1.0,2836.683417085427,-1.6670265802330748
ATLAS-EXOT-2019-03,1.0,2833.0645237841563,-1.6596080972469425
ATLAS-EXOT-2019-03,1.0,2829.145728643216,-1.6486905728870471
ATLAS-EXOT-2019-03,1.0,2821.6080402010048,-1.651487021318458
ATLAS-EXOT-2019-03,1.0,2814.070351758794,-1.6524472013790539
ATLAS-EXOT-2019-03,1.0,2809.9415308076213,-1.643947871082192
ATLAS-EXOT-2019-03,1.0,2806.532663316583,-1.6358952756533327
ATLAS-EXOT-2019-03,1.0,2798.994974874372,-1.6368237253304123
ATLAS-EXOT-2019-03,1.0,2791.457286432161,-1.63188680932278
ATLAS-EXOT-2019-03,1.0,2789.702457651203,-1.628287644917442
ATLAS-EXOT-2019-03,1.0,2783.9195979899496,-1.6211725192815054
ATLAS-EXOT-2019-03,1.0,2776.381909547739,-1.6216770340934628
ATLAS-EXOT-2019-03,1.0,2771.9975491841606,-1.6126274187526914
ATLAS-EXOT-2019-03,1.0,2768.8442211055276,-1.6055045642999657
ATLAS-EXOT-2019-03,1.0,2761.306532663317,-1.6060132876537194
ATLAS-EXOT-2019-03,1.0,2753.7688442211056,-1.606339513785103
ATLAS-EXOT-2019-03,1.0,2749.233472570104,-1.5969671925879414
ATLAS-EXOT-2019-03,1.0,2746.2311557788944,-1.590329415534161
ATLAS-EXOT-2019-03,1.0,2738.693467336683,-1.590659274586029
ATLAS-EXOT-2019-03,1.0,2734.1691264963547,-1.581306966423191
ATLAS-EXOT-2019-03,1.0,2731.1557788944724,-1.5746482004381779
ATLAS-EXOT-2019-03,1.0,2723.618090452261,-1.5749811371776097
ATLAS-EXOT-2019-03,1.0,2716.0804020100504,-1.575215799736968
ATLAS-EXOT-2019-03,1.0,2711.454603938256,-1.5656467402584409
ATLAS-EXOT-2019-03,1.0,2708.542713567839,-1.5592919392112914
ATLAS-EXOT-2019-03,1.0,2701.005025125628,-1.559530335011011
ATLAS-EXOT-2019-03,1.0,2693.467336683417,-1.5593731300306395
ATLAS-EXOT-2019-03,1.0,2685.929648241206,-1.5591526908979927
ATLAS-EXOT-2019-03,1.0,2678.3919597989952,-1.5589232128602981
ATLAS-EXOT-2019-03,1.0,2670.854271356784,-1.5586841283328565
ATLAS-EXOT-2019-03,1.0,2663.316582914573,-1.558434821194179
ATLAS-EXOT-2019-03,1.0,2655.7788944723616,-1.5581746214843895
ATLAS-EXOT-2019-03,1.0,2648.241206030151,-1.5579027993932049
ATLAS-EXOT-2019-03,1.0,2640.7035175879396,-1.5576185584238942
ATLAS-EXOT-2019-03,1.0,2633.165829145729,-1.5573210275983658
ATLAS-EXOT-2019-03,1.0,2625.6281407035176,-1.557009252542716
ATLAS-EXOT-2019-03,1.0,2618.0904522613064,-1.556682185261046
ATLAS-EXOT-2019-03,1.0,2610.5527638190956,-1.556338672366697
ATLAS-EXOT-2019-03,1.0,2603.015075376884,-1.5559774414924303
ATLAS-EXOT-2019-03,1.0,2595.4773869346736,-1.555597085542102
ATLAS-EXOT-2019-03,1.0,2587.9396984924624,-1.5551960443729715
ATLAS-EXOT-2019-03,1.0,2580.402010050251,-1.5547725834059203
ATLAS-EXOT-2019-03,1.0,2572.86432160804,-1.5543247685451829
ATLAS-EXOT-2019-03,1.0,2565.326633165829,-1.5538504366427586
ATLAS-EXOT-2019-03,1.0,2557.788944723618,-1.553347160555943
ATLAS-EXOT-2019-03,1.0,2550.251256281407,-1.552812207606892
ATLAS-EXOT-2019-03,1.0,2542.713567839196,-1.5522424899434784
ATLAS-EXOT-2019-03,1.0,2535.175879396985,-1.551634504897515
ATLAS-EXOT-2019-03,1.0,2527.638190954774,-1.5509842629070787
ATLAS-EXOT-2019-03,1.0,2520.100502512563,-1.5502871998688528
ATLAS-EXOT-2019-03,1.0,2517.0284476056386,-1.5499865140936904
ATLAS-EXOT-2019-03,1.0,2520.100502512563,-1.5489477191491814
ATLAS-EXOT-2019-03,1.0,2527.638190954774,-1.5463329744262144
ATLAS-EXOT-2019-03,1.0,2535.175879396985,-1.543594615194548
ATLAS-EXOT-2019-03,1.0,2542.713567839196,-1.5407630334457776
ATLAS-EXOT-2019-03,1.0,2550.251256281407,-1.5378871210744842
ATLAS-EXOT-2019-03,1.0,2557.788944723618,-1.5349274257232026
ATLAS-EXOT-2019-03,1.0,2559.293541660723,-1.5343262879289399
ATLAS-EXOT-2019-03,1.0,2565.326633165829,-1.5327025100025595
ATLAS-EXOT-2019-03,1.0,2572.86432160804,-1.530897013895142
ATLAS-EXOT-2019-03,1.0,2580.402010050251,-1.5293207455138005
ATLAS-EXOT-2019-03,1.0,2587.9396984924624,-1.5279175197273784
ATLAS-EXOT-2019-03,1.0,2595.4773869346736,-1.5266625025216873
ATLAS-EXOT-2019-03,1.0,2603.0150753768844,-1.5255251716487441
ATLAS-EXOT-2019-03,1.0,2610.5527638190956,-1.5244877261178185
ATLAS-EXOT-2019-03,1.0,2618.0904522613064,-1.5209605118399057
ATLAS-EXOT-2019-03,1.0,2623.99274598216,-1.5186660617641898
ATLAS-EXOT-2019-03,1.0,2625.6281407035176,-1.5168173607554054
ATLAS-EXOT-2019-03,1.0,2633.165829145729,-1.5116333297339608
ATLAS-EXOT-2019-03,1.0,2640.7035175879396,-1.5086032845226232
ATLAS-EXOT-2019-03,1.0,2648.241206030151,-1.50643190423667
ATLAS-EXOT-2019-03,1.0,2655.7788944723616,-1.5048166283429536
ATLAS-EXOT-2019-03,1.0,2663.316582914573,-1.5035040404558104
ATLAS-EXOT-2019-03,1.0,2666.6022871373643,-1.5030058355994393
ATLAS-EXOT-2019-03,1.0,2663.316582914573,-1.4962222328661965
ATLAS-EXOT-2019-03,1.0,2659.4763527840005,-1.4873456094346893
ATLAS-EXOT-2019-03,1.0,2655.7788944723616,-1.483622024126961
ATLAS-EXOT-2019-03,1.0,2648.241206030151,-1.4718881383345828
ATLAS-EXOT-2019-03,1.0,2648.1278713326833,-1.4716853832699388
ATLAS-EXOT-2019-03,1.0,2640.7035175879396,-1.465045934880159
ATLAS-EXOT-2019-03,1.0,2634.0388988115737,-1.4560251571051888
ATLAS-EXOT-2019-03,1.0,2633.165829145729,-1.4554368336456631
ATLAS-EXOT-2019-03,1.0,2625.6281407035176,-1.4487126273975228
ATLAS-EXOT-2019-03,1.0,2619.0337503944024,-1.4403649309404383
ATLAS-EXOT-2019-03,1.0,2618.0904522613064,-1.4397117744793326
ATLAS-EXOT-2019-03,1.0,2610.5527638190956,-1.4330909058699839
ATLAS-EXOT-2019-03,1.0,2603.6525506697676,-1.4247047047756878
ATLAS-EXOT-2019-03,1.0,2603.0150753768844,-1.424256387843971
ATLAS-EXOT-2019-03,1.0,2595.4773869346736,-1.417842335096344
ATLAS-EXOT-2019-03,1.0,2588.0588770197783,-1.4090444786109377
ATLAS-EXOT-2019-03,1.0,2587.9396984924624,-1.4089588136662352
ATLAS-EXOT-2019-03,1.0,2580.402010050251,-1.4027059986310162
ATLAS-EXOT-2019-03,1.0,2572.86432160804,-1.3940856030902034
ATLAS-EXOT-2019-03,1.0,2572.2569257454743,-1.3933842524461872
ATLAS-EXOT-2019-03,1.0,2565.326633165829,-1.3877359696286857
ATLAS-EXOT-2019-03,1.0,2557.788944723618,-1.3794615897113407
ATLAS-EXOT-2019-03,1.0,2556.271936347338,-1.3777240262814372
ATLAS-EXOT-2019-03,1.0,2550.251256281407,-1.3727469836237995
ATLAS-EXOT-2019-03,1.0,2542.713567839196,-1.3647089081524784
ATLAS-EXOT-2019-03,1.0,2540.341182550735,-1.3620638001166867
ATLAS-EXOT-2019-03,1.0,2535.175879396985,-1.3578372915410986
ATLAS-EXOT-2019-03,1.0,2527.638190954774,-1.3501437762205057
ATLAS-EXOT-2019-03,1.0,2524.3032404522155,-1.3464035739519367
ATLAS-EXOT-2019-03,1.0,2520.100502512563,-1.3428531319860937
ATLAS-EXOT-2019-03,1.0,2512.562814070352,-1.33547898186497
ATLAS-EXOT-2019-03,1.0,2508.2557289030515,-1.3307433477871862
ATLAS-EXOT-2019-03,1.0,2505.025125628141,-1.328025366320123
ATLAS-EXOT-2019-03,1.0,2497.4874371859296,-1.3207501821263086
ATLAS-EXOT-2019-03,1.0,2492.277070347888,-1.3150831216224357
ATLAS-EXOT-2019-03,1.0,2489.9497487437184,-1.3131435863630558
ATLAS-EXOT-2019-03,1.0,2482.4120603015076,-1.3060327640689713
ATLAS-EXOT-2019-03,1.0,2476.351814996924,-1.2994228954576856
ATLAS-EXOT-2019-03,1.0,2474.8743718592964,-1.2981925347300989
ATLAS-EXOT-2019-03,1.0,2467.3366834170856,-1.2913606452483168
ATLAS-EXOT-2019-03,1.0,2460.2934592198108,-1.2837626692929351
ATLAS-EXOT-2019-03,1.0,2459.7989949748744,-1.2833461766974872
ATLAS-EXOT-2019-03,1.0,2452.261306532663,-1.276692565962671
ATLAS-EXOT-2019-03,1.0,2444.7236180904524,-1.2686890289396107
ATLAS-EXOT-2019-03,1.0,2444.1744665204587,-1.268102443128185
ATLAS-EXOT-2019-03,1.0,2437.185929648241,-1.2619880567549886
ATLAS-EXOT-2019-03,1.0,2429.64824120603,-1.2541522243864818
ATLAS-EXOT-2019-03,1.0,2428.0467840018337,-1.2524422169634346
ATLAS-EXOT-2019-03,1.0,2422.110552763819,-1.2472210725161001
ATLAS-EXOT-2019-03,1.0,2414.572864321608,-1.2395329250547666
ATLAS-EXOT-2019-03,1.0,2411.995696111413,-1.2367819907986841
ATLAS-EXOT-2019-03,1.0,2407.035175879397,-1.2323975453274216
ATLAS-EXOT-2019-03,1.0,2399.497487437186,-1.2248742813177762
ATLAS-EXOT-2019-03,1.0,2395.9407231655987,-1.221121764633934
ATLAS-EXOT-2019-03,1.0,2391.959798994975,-1.2176285439377577
ATLAS-EXOT-2019-03,1.0,2384.422110552764,-1.2102627283307537
ATLAS-EXOT-2019-03,1.0,2379.814200069471,-1.2054615384691836
ATLAS-EXOT-2019-03,1.0,2376.884422110553,-1.2029024263328778
ATLAS-EXOT-2019-03,1.0,2369.3467336683416,-1.195727271913702
ATLAS-EXOT-2019-03,1.0,2363.6630277441723,-1.1898013123044335
ATLAS-EXOT-2019-03,1.0,2361.809045226131,-1.1881507980865968
ATLAS-EXOT-2019-03,1.0,2354.2713567839196,-1.1811156003394316
ATLAS-EXOT-2019-03,1.0,2347.58601024377,-1.174141086139683
ATLAS-EXOT-2019-03,1.0,2346.7336683417084,-1.1733786293418278
ATLAS-EXOT-2019-03,1.0,2339.1959798994976,-1.1664352063374737
ATLAS-EXOT-2019-03,1.0,2331.658291457286,-1.1585790844350248
ATLAS-EXOT-2019-03,1.0,2331.565543308743,-1.158480859974933
ATLAS-EXOT-2019-03,1.0,2324.120603015075,-1.1517441344768957
ATLAS-EXOT-2019-03,1.0,2316.5829145728644,-1.143976292474133
ATLAS-EXOT-2019-03,1.0,2315.4717483445293,-1.1428206338101825
ATLAS-EXOT-2019-03,1.0,2309.045226130653,-1.1370987277714324
ATLAS-EXOT-2019-03,1.0,2301.5075376884424,-1.1293362197697152
ATLAS-EXOT-2019-03,1.0,2296.813766381526,-1.127160407645432
ATLAS-EXOT-2019-03,1.0,2293.969849246231,-1.1261074976290606
ATLAS-EXOT-2019-03,1.0,2286.43216080402,-1.1240254045894351
ATLAS-EXOT-2019-03,1.0,2278.894472361809,-1.121752723252433
ATLAS-EXOT-2019-03,1.0,2271.356783919598,-1.1192620296805351
ATLAS-EXOT-2019-03,1.0,2263.819095477387,-1.11652037345623
ATLAS-EXOT-2019-03,1.0,2256.281407035176,-1.1134751297984982
ATLAS-EXOT-2019-03,1.0,2251.7398479874228,-1.111500181480682
ATLAS-EXOT-2019-03,1.0,2248.743718592965,-1.1104596518139678
ATLAS-EXOT-2019-03,1.0,2241.2060301507536,-1.1075274437343512
ATLAS-EXOT-2019-03,1.0,2233.668341708543,-1.1040437862008918
ATLAS-EXOT-2019-03,1.0,2226.1306532663316,-1.099836969215952
ATLAS-EXOT-2019-03,1.0,2220.1744749921672,-1.0958399553159315
ATLAS-EXOT-2019-03,1.0,2218.592964824121,-1.0955904645229377
ATLAS-EXOT-2019-03,1.0,2211.0552763819096,-1.0944335342296985
ATLAS-EXOT-2019-03,1.0,2203.5175879396984,-1.0932905186537347
ATLAS-EXOT-2019-03,1.0,2195.9798994974876,-1.0919867331202004
ATLAS-EXOT-2019-03,1.0,2188.4422110552764,-1.0904856922606248
ATLAS-EXOT-2019-03,1.0,2180.904522613065,-1.0887389671538636
ATLAS-EXOT-2019-03,1.0,2173.3668341708544,-1.0866808625401494
ATLAS-EXOT-2019-03,1.0,2165.829145728643,-1.084219968888118
ATLAS-EXOT-2019-03,1.0,2158.291457286432,-1.0812252164552207
ATLAS-EXOT-2019-03,1.0,2155.9959204322,-1.0801797291511814
ATLAS-EXOT-2019-03,1.0,2150.753768844221,-1.0669768279683485
ATLAS-EXOT-2019-03,1.0,2149.782630089637,-1.064519502986431
ATLAS-EXOT-2019-03,1.0,2143.21608040201,-1.0499356929634265
ATLAS-EXOT-2019-03,1.0,2142.7325077610967,-1.048859276821681
ATLAS-EXOT-2019-03,1.0,2135.6783919597992,-1.035506509118835
ATLAS-EXOT-2019-03,1.0,2134.4759241189818,-1.0331990506569304
ATLAS-EXOT-2019-03,1.0,2128.140703517588,-1.0224046524901733
ATLAS-EXOT-2019-03,1.0,2125.377266739482,-1.01753882449218
ATLAS-EXOT-2019-03,1.0,2120.603015075377,-1.0098713316962609
ATLAS-EXOT-2019-03,1.0,2115.6808183822077,-1.0018785983274299
ATLAS-EXOT-2019-03,1.0,2113.065326633166,-0.9982762786218111
ATLAS-EXOT-2019-03,1.0,2105.527638190955,-0.9874518592865342
ATLAS-EXOT-2019-03,1.0,2104.536173970566,-0.9862183721626794
ATLAS-EXOT-2019-03,1.0,2097.9899497487436,-0.9786260999865676
ATLAS-EXOT-2019-03,1.0,2090.452261306533,-0.9748332745291588
ATLAS-EXOT-2019-03,1.0,2082.9145728643216,-0.9709743042544344
ATLAS-EXOT-2019-03,1.0,2082.1092527239284,-0.9705581459979294
ATLAS-EXOT-2019-03,1.0,2075.3768844221104,-0.9671024684465159
ATLAS-EXOT-2019-03,1.0,2067.839195979899,-0.9626637734987995
ATLAS-EXOT-2019-03,1.0,2060.3015075376884,-0.9574764517968805
ATLAS-EXOT-2019-03,1.0,2056.9746568358905,-0.9548979198331788
ATLAS-EXOT-2019-03,1.0,2052.763819095477,-0.952892909891148
ATLAS-EXOT-2019-03,1.0,2045.2261306532664,-0.9492855180445801
ATLAS-EXOT-2019-03,1.0,2037.6884422110552,-0.945839145382628
ATLAS-EXOT-2019-03,1.0,2030.1507537688444,-0.9422409353818921
ATLAS-EXOT-2019-03,1.0,2024.4876953355067,-0.9392376936684284
ATLAS-EXOT-2019-03,1.0,2022.6130653266332,-0.9377388178326088
ATLAS-EXOT-2019-03,1.0,2015.0753768844224,-0.9302574831942587
ATLAS-EXOT-2019-03,1.0,2008.3727077165656,-0.9235774675036783
ATLAS-EXOT-2019-03,1.0,2007.537688442211,-0.9229224376419967
ATLAS-EXOT-2019-03,1.0,2000.0,-0.9160176407142321
ATLAS-EXOT-2019-03,1.0,3500.0,-2.385080399915515
ATLAS-EXOT-2019-03,1.0,3492.462311557789,-2.3845781697913244
ATLAS-EXOT-2019-03,1.0,3484.9246231155785,-2.3840759396671345
ATLAS-EXOT-2019-03,1.0,3477.386934673367,-2.383573709542944
ATLAS-EXOT-2019-03,1.0,3469.849246231156,-2.382563513721735
ATLAS-EXOT-2019-03,1.0,3467.229236441472,-2.379978500825456
ATLAS-EXOT-2019-03,1.0,3465.5995725688526,-2.364318274660706
ATLAS-EXOT-2019-03,1.0,3463.969908696233,-2.348658048495956
ATLAS-EXOT-2019-03,1.0,3469.849246231156,-2.3372538520597224
ATLAS-EXOT-2019-03,1.0,3473.0453285343656,-2.3329978223312056
ATLAS-EXOT-2019-03,1.0,3477.386934673367,-2.3311826811297296
ATLAS-EXOT-2019-03,1.0,3484.924623115578,-2.328483223422195
ATLAS-EXOT-2019-03,1.0,3492.462311557789,-2.3262340436178963
ATLAS-EXOT-2019-03,1.0,3500.0,-2.324331152920889
ATLAS-EXOT-2019-03,1.0,3118.9691589073536,-1.9571523943771982
ATLAS-EXOT-2019-03,1.0,3123.115577889447,-1.9654109650449434
ATLAS-EXOT-2019-03,1.0,3128.7443784028137,-1.9571523943771985
ATLAS-EXOT-2019-03,1.0,3124.34227723731,-1.941492168212448
ATLAS-EXOT-2019-03,1.0,3123.115577889447,-1.9401933767224988
ATLAS-EXOT-2019-03,1.0,3120.5453613223076,-1.941492168212448
ATLAS-EXOT-2019-03,1.0,3118.9691589073536,-1.9571523943771982
ATLAS-EXOT-2019-03,1.0,3136.3131035979077,-1.9571523943771985
ATLAS-EXOT-2019-03,1.0,3138.1909547738696,-1.9613445577306097
ATLAS-EXOT-2019-03,1.0,3138.9515946930496,-1.9571523943771982
ATLAS-EXOT-2019-03,1.0,3138.1909547738696,-1.9564123103552413
ATLAS-EXOT-2019-03,1.0,3136.3131035979077,-1.9571523943771982
ATLAS-EXOT-2019-03,1.0,3142.340139672321,-1.9728126205419483
ATLAS-EXOT-2019-03,1.0,3145.7286432160804,-1.9779469803852265
ATLAS-EXOT-2019-03,1.0,3153.266331658291,-1.9731036638472412
ATLAS-EXOT-2019-03,1.0,3153.354003157458,-1.9728126205419485
ATLAS-EXOT-2019-03,1.0,3153.266331658291,-1.972736253684523
ATLAS-EXOT-2019-03,1.0,3145.7286432160804,-1.9696730941278477
ATLAS-EXOT-2019-03,1.0,3142.340139672321,-1.9728126205419483
ATLAS-EXOT-2019-03,1.0,3158.8050249471294,-1.9884728467066985
ATLAS-EXOT-2019-03,1.0,3160.8040201005024,-1.999335848287871
ATLAS-EXOT-2019-03,1.0,3168.3417085427136,-1.9888407460656718
ATLAS-EXOT-2019-03,1.0,3168.372012549985,-1.9884728467066988
ATLAS-EXOT-2019-03,1.0,3168.3417085427136,-1.988448336280388
ATLAS-EXOT-2019-03,1.0,3160.8040201005024,-1.9856039525130051
ATLAS-EXOT-2019-03,1.0,3158.80502494713,-1.9884728467066988
CMS-EXO-19-012,0.6666666666666666,2000.0,0.17500510857488966
CMS-EXO-19-012,0.6666666666666666,2007.5187969924814,0.17171577710853655
CMS-EXO-19-012,0.6666666666666666,2010.1265964655458,0.17054130186157385
CMS-EXO-19-012,0.6666666666666666,2015.0375939849623,0.16788709317944958
CMS-EXO-19-012,0.6666666666666666,2022.0414600255776,0.16521334063573684
CMS-EXO-19-012,0.6666666666666666,2022.5563909774437,0.16486446130273302
CMS-EXO-19-012,0.6666666666666666,2030.0751879699249,0.16090529312440482
CMS-EXO-19-012,0.6666666666666666,2032.494452608778,0.1600518327588198
CMS-EXO-19-012,0.6666666666666666,2037.593984962406,0.15674441255638222
CMS-EXO-19-012,0.6666666666666666,2041.237955224913,0.15505157798326222
CMS-EXO-19-012,0.6666666666666666,2045.1127819548872,0.15246916605842506
CMS-EXO-19-012,0.6666666666666666,2048.81452603296,0.15020753852489013
CMS-EXO-19-012,0.6666666666666666,2052.6315789473683,0.1470779572347361
CMS-EXO-19-012,0.6666666666666666,2054.675439396468,0.14551483398731938
CMS-EXO-19-012,0.6666666666666666,2059.161240639628,0.1409687364449314
CMS-EXO-19-012,0.6666666666666666,2060.1503759398497,0.1408119107389881
CMS-EXO-19-012,0.6666666666666666,2067.6691729323306,0.1396450129679833
CMS-EXO-19-012,0.6666666666666666,2075.187969924812,0.1385209325621228
CMS-EXO-19-012,0.6666666666666666,2082.7067669172934,0.13743739007800315
CMS-EXO-19-012,0.6666666666666666,2088.966629752102,0.13656466567946096
CMS-EXO-19-012,0.6666666666666666,2090.2255639097743,0.13634430013662024
CMS-EXO-19-012,0.6666666666666666,2097.7443609022557,0.13524566916830044
CMS-EXO-19-012,0.6666666666666666,2105.2631578947367,0.13283631915401042
CMS-EXO-19-012,0.6666666666666666,2106.478465164463,0.13229818456540127
CMS-EXO-19-012,0.6666666666666666,2112.781954887218,0.12865118902524803
CMS-EXO-19-012,0.6666666666666666,2114.0227918806186,0.1281649945995757
CMS-EXO-19-012,0.6666666666666666,2119.5766725789185,0.12416093157037254
CMS-EXO-19-012,0.6666666666666666,2120.3007518796994,0.12351346750321505
CMS-EXO-19-012,0.6666666666666666,2124.329339755636,0.12028196136227776
CMS-EXO-19-012,0.6666666666666666,2127.8195488721803,0.11685208105088767
CMS-EXO-19-012,0.6666666666666666,2128.1585709379424,0.11652417589148303
CMS-EXO-19-012,0.6666666666666666,2131.171863474986,0.11288378916846883
CMS-EXO-19-012,0.6666666666666666,2133.687210981445,0.10935713348359936
CMS-EXO-19-012,0.6666666666666666,2135.3383458646617,0.1090124190513835
CMS-EXO-19-012,0.6666666666666666,2142.8571428571427,0.10753335074220886
CMS-EXO-19-012,0.6666666666666666,2150.375939849624,0.10618812330647259
CMS-EXO-19-012,0.6666666666666666,2151.8374345044826,0.10594065571188499
CMS-EXO-19-012,0.6666666666666666,2157.8947368421054,0.10402555295185188
CMS-EXO-19-012,0.6666666666666666,2165.4135338345864,0.10267555349174086
CMS-EXO-19-012,0.6666666666666666,2165.743815689824,0.10263091373318949
CMS-EXO-19-012,0.6666666666666666,2172.9323308270677,0.10132171355865137
CMS-EXO-19-012,0.6666666666666666,2180.4511278195487,0.10008339292592427
CMS-EXO-19-012,0.6666666666666666,2184.775635805466,0.09942457296427408
CMS-EXO-19-012,0.6666666666666666,2187.96992481203,0.0987995878592102
CMS-EXO-19-012,0.6666666666666666,2195.4887218045114,0.09751706196133865
CMS-EXO-19-012,0.6666666666666666,2198.270929807926,0.09631840299918837
CMS-EXO-19-012,0.6666666666666666,2203.0075187969924,0.09391693019064984
CMS-EXO-19-012,0.6666666666666666,2203.651677305345,0.09330927435461664
CMS-EXO-19-012,0.6666666666666666,2206.3017716014265,0.09039415531690745
CMS-EXO-19-012,0.6666666666666666,2208.5610246887127,0.08757010888760508
CMS-EXO-19-012,0.6666666666666666,2210.4621030080025,0.08483428982440717
CMS-EXO-19-012,0.6666666666666666,2210.5263157894738,0.08472705571465876
CMS-EXO-19-012,0.6666666666666666,2212.0756293995246,0.08218394177456798
CMS-EXO-19-012,0.6666666666666666,2218.0451127819547,0.08056441957223968
CMS-EXO-19-012,0.6666666666666666,2224.4840761942523,0.07961639449785758
CMS-EXO-19-012,0.6666666666666666,2225.563909774436,0.07914870904816311
CMS-EXO-19-012,0.6666666666666666,2231.0561469950067,0.07712906117627992
CMS-EXO-19-012,0.6666666666666666,2233.0827067669175,0.0764968229996564
CMS-EXO-19-012,0.6666666666666666,2239.6486813508554,0.07471943580783995
CMS-EXO-19-012,0.6666666666666666,2240.6015037593984,0.07430603384433877
CMS-EXO-19-012,0.6666666666666666,2245.9269899366336,0.07238509068173248
CMS-EXO-19-012,0.6666666666666666,2248.1203007518798,0.0716743221049317
CMS-EXO-19-012,0.6666666666666666,2253.612504554307,0.07012367393241041
CMS-EXO-19-012,0.6666666666666666,2255.6390977443607,0.06977016436869815
CMS-EXO-19-012,0.6666666666666666,2263.157894736842,0.06859883790947305
CMS-EXO-19-012,0.6666666666666666,2267.6099360981952,0.06793290717006695
CMS-EXO-19-012,0.6666666666666666,2270.6766917293235,0.06717794624345239
CMS-EXO-19-012,0.6666666666666666,2276.9068970087087,0.06581058318514578
CMS-EXO-19-012,0.6666666666666666,2278.1954887218044,0.06552595370688248
CMS-EXO-19-012,0.6666666666666666,2285.714285714286,0.06406418021244344
CMS-EXO-19-012,0.6666666666666666,2287.5323225870716,0.06375456372456506
CMS-EXO-19-012,0.6666666666666666,2293.233082706767,0.06274245770111662
CMS-EXO-19-012,0.6666666666666666,2299.5798069107686,0.061762777337415566
CMS-EXO-19-012,0.6666666666666666,2300.751879699248,0.061576285229769934
CMS-EXO-19-012,0.6666666666666666,2308.2706766917295,0.06051508803384206
CMS-EXO-19-012,0.6666666666666666,2314.2195208889807,0.05983321728796282
CMS-EXO-19-012,0.6666666666666666,2315.789473684211,0.05964421482141145
CMS-EXO-19-012,0.6666666666666666,2323.308270676692,0.05882676889385842
CMS-EXO-19-012,0.6666666666666666,2330.8270676691727,0.05813071031161128
CMS-EXO-19-012,0.6666666666666666,2332.811197261237,0.05796393953384967
CMS-EXO-19-012,0.6666666666666666,2338.3458646616536,0.05745420526534882
CMS-EXO-19-012,0.6666666666666666,2345.8646616541355,0.05683276587374393
CMS-EXO-19-012,0.6666666666666666,2353.3834586466164,0.05628808159408325
CMS-EXO-19-012,0.6666666666666666,2355.5412961630136,0.05615306076746272
CMS-EXO-19-012,0.6666666666666666,2360.902255639098,0.05580498877944942
CMS-EXO-19-012,0.6666666666666666,2368.421052631579,0.055349348949228265
CMS-EXO-19-012,0.6666666666666666,2375.93984962406,0.054927847331414446
CMS-EXO-19-012,0.6666666666666666,2383.4586466165415,0.054536796862590116
CMS-EXO-19-012,0.6666666666666666,2386.249193733216,0.05439875651848994
CMS-EXO-19-012,0.6666666666666666,2390.9774436090224,0.05413080833704283
CMS-EXO-19-012,0.6666666666666666,2398.496240601504,0.053727818707211654
CMS-EXO-19-012,0.6666666666666666,2406.0150375939847,0.05278702721757304
CMS-EXO-19-012,0.6666666666666666,2406.6418535471353,0.052699259315756565
CMS-EXO-19-012,0.6666666666666666,2413.533834586466,0.05158355183706678
CMS-EXO-19-012,0.6666666666666666,2416.929190455621,0.05105285690648807
CMS-EXO-19-012,0.6666666666666666,2421.0526315789475,0.05066872479483028
CMS-EXO-19-012,0.6666666666666666,2428.5714285714284,0.050115489020605974
CMS-EXO-19-012,0.6666666666666666,2436.09022556391,0.04969449918830728
CMS-EXO-19-012,0.6666666666666666,2441.2861892880164,0.049457890531206396
CMS-EXO-19-012,0.6666666666666666,2443.609022556391,0.049255026522309245
CMS-EXO-19-012,0.6666666666666666,2451.127819548872,0.04860406290692909
CMS-EXO-19-012,0.6666666666666666,2458.6466165413535,0.047961702548078564
CMS-EXO-19-012,0.6666666666666666,2459.223688512106,0.04791275325252046
CMS-EXO-19-012,0.6666666666666666,2466.1654135338345,0.04732783174351522
CMS-EXO-19-012,0.6666666666666666,2473.684210526316,0.04670233829370636
CMS-EXO-19-012,0.6666666666666666,2477.1611877361956,0.046415888336127774
CMS-EXO-19-012,0.6666666666666666,2481.2030075187968,0.046085111481969525
CMS-EXO-19-012,0.6666666666666666,2488.721804511278,0.04547604205487428
CMS-EXO-19-012,0.6666666666666666,2495.098686960286,0.044965787682396396
CMS-EXO-19-012,0.6666666666666666,2496.2406015037595,0.044875022202904145
CMS-EXO-19-012,0.6666666666666666,2503.7593984962405,0.04439018863474976
CMS-EXO-19-012,0.6666666666666666,2511.278195488722,0.04401792860709818
CMS-EXO-19-012,0.6666666666666666,2518.7969924812032,0.043648790384792566
CMS-EXO-19-012,0.6666666666666666,2520.594709716812,0.04356099030694608
CMS-EXO-19-012,0.6666666666666666,2526.315789473684,0.043282747788098604
CMS-EXO-19-012,0.6666666666666666,2533.8345864661655,0.04291977485682749
CMS-EXO-19-012,0.6666666666666666,2541.3533834586465,0.042559845848494926
CMS-EXO-19-012,0.6666666666666666,2548.872180451128,0.04220293523649532
CMS-EXO-19-012,0.6666666666666666,2548.9325674568654,0.04220008086869836
CMS-EXO-19-012,0.6666666666666666,2556.390977443609,0.04184901770829146
CMS-EXO-19-012,0.6666666666666666,2563.90977443609,0.041498068163619256
CMS-EXO-19-012,0.6666666666666666,2571.4285714285716,0.04115006171270767
CMS-EXO-19-012,0.6666666666666666,2574.5201524683694,0.04220008086869836
CMS-EXO-19-012,0.6666666666666666,2571.4285714285716,0.04273099917256988
CMS-EXO-19-012,0.6666666666666666,2563.90977443609,0.04301605140094912
CMS-EXO-19-012,0.6666666666666666,2562.2879405394524,0.04356099030694608
CMS-EXO-19-012,0.6666666666666666,2556.390977443609,0.04431735103446408
CMS-EXO-19-012,0.6666666666666666,2553.667462726818,0.044965787682396396
CMS-EXO-19-012,0.6666666666666666,2548.872180451128,0.045997243163944795
CMS-EXO-19-012,0.6666666666666666,2541.3533834586465,0.04597490786886757
CMS-EXO-19-012,0.6666666666666666,2539.9074851156583,0.046415888336127774
CMS-EXO-19-012,0.6666666666666666,2533.8345864661655,0.047594075318656844
CMS-EXO-19-012,0.6666666666666666,2526.6944598562113,0.04791275325252043
CMS-EXO-19-012,0.6666666666666666,2526.315789473684,0.047992494456850325
CMS-EXO-19-012,0.6666666666666666,2518.7969924812032,0.04916534673296948
CMS-EXO-19-012,0.6666666666666666,2517.2904473495278,0.049457890531206396
CMS-EXO-19-012,0.6666666666666666,2518.7969924812032,0.050796912116161934
CMS-EXO-19-012,0.6666666666666666,2526.315789473684,0.05010571835303455
CMS-EXO-19-012,0.6666666666666666,2530.2785445396894,0.049457890531206396
CMS-EXO-19-012,0.6666666666666666,2533.8345864661655,0.04873702874321288
CMS-EXO-19-012,0.6666666666666666,2541.3533834586465,0.048645412459809356
CMS-EXO-19-012,0.6666666666666666,2544.64565512833,0.04791275325252046
CMS-EXO-19-012,0.6666666666666666,2548.872180451128,0.04702715176977162
CMS-EXO-19-012,0.6666666666666666,2556.390977443609,0.04707618660933679
CMS-EXO-19-012,0.6666666666666666,2559.0183168160443,0.046415888336127774
CMS-EXO-19-012,0.6666666666666666,2563.9097744360897,0.045725512084695205
CMS-EXO-19-012,0.6666666666666666,2570.5876716904154,0.04496578768239642
CMS-EXO-19-012,0.6666666666666666,2571.4285714285716,0.044820707472002466
CMS-EXO-19-012,0.6666666666666666,2578.9473684210525,0.0444334316392497
CMS-EXO-19-012,0.6666666666666666,2584.1982066340074,0.04356099030694608
CMS-EXO-19-012,0.6666666666666666,2586.466165413534,0.04310240941717295
CMS-EXO-19-012,0.6666666666666666,2593.9849624060153,0.04310132542075763
CMS-EXO-19-012,0.6666666666666666,2598.3748537204965,0.04220008086869836
CMS-EXO-19-012,0.6666666666666666,2601.503759398496,0.04172386819106388
CMS-EXO-19-012,0.6666666666666666,2609.022556390977,0.041715132922227574
CMS-EXO-19-012,0.6666666666666666,2612.352638699486,0.040881688243912896
CMS-EXO-19-012,0.6666666666666666,2616.541353383459,0.04053710976933992
CMS-EXO-19-012,0.6666666666666666,2623.7817046277637,0.039604484144772606
CMS-EXO-19-012,0.6666666666666666,2624.06015037594,0.039549891881285965
CMS-EXO-19-012,0.6666666666666666,2631.578947368421,0.0393348498218174
CMS-EXO-19-012,0.6666666666666666,2637.513842152629,0.03836718178112645
CMS-EXO-19-012,0.6666666666666666,2639.097744360902,0.03812616105069043
CMS-EXO-19-012,0.6666666666666666,2646.6165413533836,0.038199893648041536
CMS-EXO-19-012,0.6666666666666666,2652.056516118979,0.03716853456404114
CMS-EXO-19-012,0.6666666666666666,2654.1353383458645,0.036962686645145175
CMS-EXO-19-012,0.6666666666666666,2660.751501559109,0.03716853456404114
CMS-EXO-19-012,0.6666666666666666,2661.654135338346,0.03723431429812346
CMS-EXO-19-012,0.6666666666666666,2665.8256698980895,0.03716853456404114
CMS-EXO-19-012,0.6666666666666666,2666.3214262531756,0.03600733484985617
CMS-EXO-19-012,0.6666666666666666,2669.1729323308273,0.03585661667843675
CMS-EXO-19-012,0.6666666666666666,2673.401729476681,0.03600733484985617
CMS-EXO-19-012,0.6666666666666666,2676.691729323308,0.03619762291638911
CMS-EXO-19-012,0.6666666666666666,2677.550131569349,0.03716853456404114
CMS-EXO-19-012,0.6666666666666666,2676.691729323308,0.037303465183353375
CMS-EXO-19-012,0.6666666666666666,2670.097907462955,0.03836718178112645
CMS-EXO-19-012,0.6666666666666666,2669.1729323308273,0.0385172868126062
CMS-EXO-19-012,0.6666666666666666,2661.654135338346,0.038487627305887756
CMS-EXO-19-012,0.6666666666666666,2655.0020073385817,0.039604484144772606
CMS-EXO-19-012,0.6666666666666666,2654.135338345864,0.03974964497118805
CMS-EXO-19-012,0.6666666666666666,2646.6165413533836,0.03969117820150908
CMS-EXO-19-012,0.6666666666666666,2639.952679047137,0.040881688243912896
CMS-EXO-19-012,0.6666666666666666,2639.097744360902,0.041029497900813255
CMS-EXO-19-012,0.6666666666666666,2631.578947368421,0.04094649314321716
CMS-EXO-19-012,0.6666666666666666,2625.046678583607,0.04220008086869836
CMS-EXO-19-012,0.6666666666666666,2624.06015037594,0.04237619108299162
CMS-EXO-19-012,0.6666666666666666,2616.5413533834585,0.04225795985564606
CMS-EXO-19-012,0.6666666666666666,2610.0621087015543,0.04356099030694608
CMS-EXO-19-012,0.6666666666666666,2609.0225563909776,0.04375257221192264
CMS-EXO-19-012,0.6666666666666666,2602.6212027764377,0.044965787682396396
CMS-EXO-19-012,0.6666666666666666,2601.503759398496,0.04517840056757254
CMS-EXO-19-012,0.6666666666666666,2593.9849624060153,0.04512913327721386
CMS-EXO-19-012,0.6666666666666666,2587.526339877662,0.046415888336127774
CMS-EXO-19-012,0.6666666666666666,2586.466165413534,0.046624084785444296
CMS-EXO-19-012,0.6666666666666666,2578.9473684210525,0.0465454994858535
CMS-EXO-19-012,0.6666666666666666,2572.4872391284375,0.04791275325252046
CMS-EXO-19-012,0.6666666666666666,2571.4285714285716,0.048127357701436196
CMS-EXO-19-012,0.6666666666666666,2563.90977443609,0.04803213546816406
CMS-EXO-19-012,0.6666666666666666,2557.5920491318775,0.049457890531206396
CMS-EXO-19-012,0.6666666666666666,2556.3909774436083,0.04970928926726919
CMS-EXO-19-012,0.6666666666666666,2548.872180451128,0.04957726353587883
CMS-EXO-19-012,0.6666666666666666,2542.5119392549886,0.05105285690648807
CMS-EXO-19-012,0.6666666666666666,2541.3533834586465,0.05130315444016236
CMS-EXO-19-012,0.6666666666666666,2535.133580777201,0.052699259315756565
CMS-EXO-19-012,0.6666666666666666,2533.8345864661655,0.05298903382083311
CMS-EXO-19-012,0.6666666666666666,2526.315789473684,0.05291419637152136
CMS-EXO-19-012,0.6666666666666666,2520.039732781244,0.05439875651848994
CMS-EXO-19-012,0.6666666666666666,2518.7969924812032,0.054684888336693285
CMS-EXO-19-012,0.6666666666666666,2511.278195488722,0.054593063268170886
CMS-EXO-19-012,0.6666666666666666,2505.0097113860065,0.05615306076746272
CMS-EXO-19-012,0.6666666666666666,2503.7593984962405,0.05645022455821242
CMS-EXO-19-012,0.6666666666666666,2496.2406015037595,0.05634651003389079
CMS-EXO-19-012,0.6666666666666666,2490.0860942438117,0.05796393953384967
CMS-EXO-19-012,0.6666666666666666,2488.721804511278,0.05829872980417533
CMS-EXO-19-012,0.6666666666666666,2481.2030075187968,0.05816225146684943
CMS-EXO-19-012,0.6666666666666666,2474.9469371861655,0.05983321728796282
CMS-EXO-19-012,0.6666666666666666,2473.684210526316,0.06015300873396351
CMS-EXO-19-012,0.6666666666666666,2466.1654135338345,0.06004379788846397
CMS-EXO-19-012,0.6666666666666666,2459.740982222077,0.061762777337415566
CMS-EXO-19-012,0.6666666666666666,2458.6466165413535,0.062048766753076766
CMS-EXO-19-012,0.6666666666666666,2452.54308823893,0.06375456372456506
CMS-EXO-19-012,0.6666666666666666,2451.127819548872,0.06413660059265644
CMS-EXO-19-012,0.6666666666666666,2443.6090225563908,0.06403649652889773
CMS-EXO-19-012,0.6666666666666666,2437.5267381954295,0.06581058318514578
CMS-EXO-19-012,0.6666666666666666,2436.09022556391,0.06621087783048996
CMS-EXO-19-012,0.6666666666666666,2428.5714285714284,0.06609881363204943
CMS-EXO-19-012,0.6666666666666666,2422.571918290218,0.06793290717006695
CMS-EXO-19-012,0.6666666666666666,2421.0526315789475,0.06836999678404682
CMS-EXO-19-012,0.6666666666666666,2413.5338345864666,0.06823417670599512
CMS-EXO-19-012,0.6666666666666666,2407.371977081465,0.07012367393241041
CMS-EXO-19-012,0.6666666666666666,2406.0150375939847,0.07052650849091002
CMS-EXO-19-012,0.6666666666666666,2398.496240601504,0.07046820676330756
CMS-EXO-19-012,0.6666666666666666,2392.2379206503397,0.07238509068173248
CMS-EXO-19-012,0.6666666666666666,2390.9774436090224,0.0727712772240973
CMS-EXO-19-012,0.6666666666666666,2385.0372118899545,0.07471943580783995
CMS-EXO-19-012,0.6666666666666666,2383.4586466165415,0.07521901124117031
CMS-EXO-19-012,0.6666666666666666,2375.93984962406,0.0751139478932877
CMS-EXO-19-012,0.6666666666666666,2370.0466772088243,0.07712906117627992
CMS-EXO-19-012,0.6666666666666666,2368.421052631579,0.07766017356663457
CMS-EXO-19-012,0.6666666666666666,2360.902255639098,0.07753803201662814
CMS-EXO-19-012,0.6666666666666666,2355.0024949872236,0.07961639449785758
CMS-EXO-19-012,0.6666666666666666,2353.3834586466164,0.08016240524199308
CMS-EXO-19-012,0.6666666666666666,2345.8646616541355,0.08007413454611191
CMS-EXO-19-012,0.6666666666666666,2339.8224208147144,0.08218394177456798
CMS-EXO-19-012,0.6666666666666666,2338.345864661654,0.08269780586719996
CMS-EXO-19-012,0.6666666666666666,2330.8270676691727,0.08270086326645797
CMS-EXO-19-012,0.6666666666666666,2324.7544997055415,0.08483428982440717
CMS-EXO-19-012,0.6666666666666666,2323.308270676692,0.08535379755073451
CMS-EXO-19-012,0.6666666666666666,2317.523156619559,0.08757010888760508
CMS-EXO-19-012,0.6666666666666666,2315.7894736842104,0.08821334862539583
CMS-EXO-19-012,0.6666666666666666,2308.2706766917295,0.08810728701410454
CMS-EXO-19-012,0.6666666666666666,2302.550632952354,0.09039415531690745
CMS-EXO-19-012,0.6666666666666666,2300.751879699248,0.09108315491286981
CMS-EXO-19-012,0.6666666666666666,2293.233082706767,0.09098495297421434
CMS-EXO-19-012,0.6666666666666666,2287.419563638363,0.09330927435461664
CMS-EXO-19-012,0.6666666666666666,2285.714285714286,0.09398340056728144
CMS-EXO-19-012,0.6666666666666666,2278.1954887218044,0.0939663424923554
CMS-EXO-19-012,0.6666666666666666,2272.3113027939953,0.09631840299918837
CMS-EXO-19-012,0.6666666666666666,2270.6766917293235,0.09698533274225601
CMS-EXO-19-012,0.6666666666666666,2263.157894736842,0.09698830585297899
CMS-EXO-19-012,0.6666666666666666,2257.27184278952,0.09942457296427408
CMS-EXO-19-012,0.6666666666666666,2255.6390977443607,0.10011222189960034
CMS-EXO-19-012,0.6666666666666666,2250.0014719191768,0.10263091373318949
CMS-EXO-19-012,0.6666666666666666,2248.1203007518798,0.10344916969962376
CMS-EXO-19-012,0.6666666666666666,2240.6015037593984,0.10337775226638439
CMS-EXO-19-012,0.6666666666666666,2235.015584528693,0.10594065571188499
CMS-EXO-19-012,0.6666666666666666,2233.0827067669175,0.10680861065109695
CMS-EXO-19-012,0.6666666666666666,2225.563909774436,0.1067555737313872
CMS-EXO-19-012,0.6666666666666666,2219.860939567885,0.10935713348359939
CMS-EXO-19-012,0.6666666666666666,2218.0451127819547,0.11019861432136671
CMS-EXO-19-012,0.6666666666666666,2210.5263157894738,0.11013740307809705
CMS-EXO-19-012,0.6666666666666666,2204.813482157357,0.11288378916846883
CMS-EXO-19-012,0.6666666666666666,2203.0075187969924,0.11374767063248031
CMS-EXO-19-012,0.6666666666666666,2195.4887218045114,0.1136213184647133
CMS-EXO-19-012,0.6666666666666666,2189.851976925258,0.116524175891483
CMS-EXO-19-012,0.6666666666666666,2187.9699248120305,0.11745363687723359
CMS-EXO-19-012,0.6666666666666666,2182.4724539179915,0.12028196136227776
CMS-EXO-19-012,0.6666666666666666,2180.4511278195487,0.12131269917377102
CMS-EXO-19-012,0.6666666666666666,2172.9323308270677,0.12127032735840654
CMS-EXO-19-012,0.6666666666666666,2167.4298733859296,0.12416093157037254
CMS-EXO-19-012,0.6666666666666666,2165.4135338345864,0.1252222736352233
CMS-EXO-19-012,0.6666666666666666,2157.894736842105,0.12507403510607448
CMS-EXO-19-012,0.6666666666666666,2152.345302826269,0.1281649945995757
CMS-EXO-19-012,0.6666666666666666,2150.375939849624,0.12923493310197892
CMS-EXO-19-012,0.6666666666666666,2142.8571428571427,0.12913615988079363
CMS-EXO-19-012,0.6666666666666666,2137.375379065267,0.13229818456540127
CMS-EXO-19-012,0.6666666666666666,2135.3383458646617,0.13344074119367585
CMS-EXO-19-012,0.6666666666666666,2127.8195488721803,0.13362349904423204
CMS-EXO-19-012,0.6666666666666666,2122.2795737050283,0.13656466567946096
CMS-EXO-19-012,0.6666666666666666,2120.3007518796994,0.13771022436852925
CMS-EXO-19-012,0.6666666666666666,2114.9391877965136,0.1409687364449314
CMS-EXO-19-012,0.6666666666666666,2112.781954887218,0.14225833913866134
CMS-EXO-19-012,0.6666666666666666,2105.2631578947367,0.14213865918386023
CMS-EXO-19-012,0.6666666666666666,2099.869977555513,0.1455148339873194
CMS-EXO-19-012,0.6666666666666666,2097.7443609022557,0.14682642754398237
CMS-EXO-19-012,0.6666666666666666,2090.2255639097743,0.14727168010387232
CMS-EXO-19-012,0.6666666666666666,2084.887603053767,0.15020753852489013
CMS-EXO-19-012,0.6666666666666666,2082.7067669172934,0.15159676330403934
CMS-EXO-19-012,0.6666666666666666,2075.187969924812,0.15163204941457484
CMS-EXO-19-012,0.6666666666666666,2069.789755702773,0.15505157798326225
CMS-EXO-19-012,0.6666666666666666,2067.6691729323306,0.15644580617501794
CMS-EXO-19-012,0.6666666666666666,2060.1503759398497,0.15632819605020074
CMS-EXO-19-012,0.6666666666666666,2056.2493919289236,0.1600518327588198
CMS-EXO-19-012,0.6666666666666666,2052.6315789473683,0.16251494632999558
CMS-EXO-19-012,0.6666666666666666,2047.405904484859,0.16521334063573684
CMS-EXO-19-012,0.6666666666666666,2045.1127819548872,0.1668204048195964
CMS-EXO-19-012,0.6666666666666666,2037.593984962406,0.16668487602151025
CMS-EXO-19-012,0.6666666666666666,2032.3336416237128,0.17054130186157385
CMS-EXO-19-012,0.6666666666666666,2030.0751879699246,0.17217499232586797
CMS-EXO-19-012,0.6666666666666666,2022.5563909774437,0.17183584629924228
CMS-EXO-19-012,0.6666666666666666,2017.2876196935788,0.17604108438655525
CMS-EXO-19-012,0.6666666666666666,2015.0375939849623,0.1777211366614059
CMS-EXO-19-012,0.6666666666666666,2007.5187969924814,0.1771180065542412
CMS-EXO-19-012,0.6666666666666666,2001.9580928136184,0.18171822927180903
CMS-EXO-19-012,0.6666666666666666,2000.0,0.18322651995374584
CMS-EXO-19-012,0.6666666666666666,2932.3308270676694,0.020321336471052682
CMS-EXO-19-012,0.6666666666666666,2939.8496240601503,0.02031637031922266
CMS-EXO-19-012,0.6666666666666666,2939.879554677162,0.020336240846866725
CMS-EXO-19-012,0.6666666666666666,2939.84962406015,0.020338810478716995
CMS-EXO-19-012,0.6666666666666666,2932.3308270676685,0.02033915060373274
CMS-EXO-19-012,0.6666666666666666,2932.0941556073085,0.020336240846866725
CMS-EXO-19-012,0.6666666666666666,2932.3308270676694,0.020321336471052682
CMS-EXO-19-012,0.6666666666666666,2796.9924812030076,0.02234859979586988
CMS-EXO-19-012,0.6666666666666666,2804.5112781954886,0.022362615552698844
CMS-EXO-19-012,0.6666666666666666,2804.661695095999,0.022367840650867485
CMS-EXO-19-012,0.6666666666666666,2804.5112781954886,0.02237760531718495
CMS-EXO-19-012,0.6666666666666666,2796.9924812030076,0.02241812116674023
CMS-EXO-19-012,0.6666666666666666,2796.4121066321095,0.022367840650867485
CMS-EXO-19-012,0.6666666666666666,2796.9924812030076,0.02234859979586988
CMS-EXO-19-012,0.6666666666666666,2879.6992481203006,0.022981841122660916
CMS-EXO-19-012,0.6666666666666666,2879.891202890278,0.023089180630041926
CMS-EXO-19-012,0.6666666666666666,2879.6992481203006,0.023107897814647876
CMS-EXO-19-012,0.6666666666666666,2878.081048289152,0.023089180630041926
CMS-EXO-19-012,0.6666666666666666,2879.6992481203006,0.022981841122660916
CMS-EXO-19-012,0.6666666666666666,2864.661654135338,0.023689395313556048
CMS-EXO-19-012,0.6666666666666666,2872.1804511278197,0.02361977102179135
CMS-EXO-19-012,0.6666666666666666,2872.4551913473133,0.02383378308562956
CMS-EXO-19-012,0.6666666666666666,2872.180451127819,0.02386144130496494
CMS-EXO-19-012,0.6666666666666666,2864.6616541353383,0.02386014803147451
CMS-EXO-19-012,0.6666666666666666,2862.7738136700837,0.02383378308562955
CMS-EXO-19-012,0.6666666666666666,2864.661654135338,0.023689395313556048
CMS-EXO-19-012,0.6666666666666666,2849.6240601503764,0.024522023909417625
CMS-EXO-19-012,0.6666666666666666,2857.142857142857,0.02443861433650259
CMS-EXO-19-012,0.6666666666666666,2857.352568023817,0.02460239820869775
CMS-EXO-19-012,0.6666666666666666,2857.1428571428573,0.02462418773459716
CMS-EXO-19-012,0.6666666666666666,2849.624060150376,0.024615684252325916
CMS-EXO-19-012,0.6666666666666666,2848.6111754322815,0.02460239820869775
CMS-EXO-19-012,0.6666666666666666,2849.6240601503764,0.024522023909417625
CMS-EXO-19-012,0.6666666666666666,2842.105263157895,0.025255265199339714
CMS-EXO-19-012,0.6666666666666666,2842.278250408579,0.025395800383208298
CMS-EXO-19-012,0.6666666666666666,2842.105263157895,0.025414352424657886
CMS-EXO-19-012,0.6666666666666666,2837.7653143754396,0.025395800383208284
CMS-EXO-19-012,0.6666666666666666,2842.105263157895,0.025255265199339714
CMS-EXO-19-012,0.6666666666666666,2827.0676691729323,0.02603114452499075
CMS-EXO-19-012,0.6666666666666666,2827.301882496889,0.026214788966213532
CMS-EXO-19-012,0.6666666666666666,2827.0676691729323,0.026240720595253827
CMS-EXO-19-012,0.6666666666666666,2824.186038042206,0.026214788966213532
CMS-EXO-19-012,0.6666666666666666,2827.0676691729323,0.02603114452499075
CMS-EXO-19-012,0.6666666666666666,2729.3233082706765,0.02694232914608731
CMS-EXO-19-012,0.6666666666666666,2736.842105263158,0.027057156481345983
CMS-EXO-19-012,0.6666666666666666,2736.9902879132665,0.02706018909321316
CMS-EXO-19-012,0.6666666666666666,2736.842105263158,0.027071906442503645
CMS-EXO-19-012,0.6666666666666666,2729.3233082706765,0.0277441945755135
CMS-EXO-19-012,0.6666666666666666,2727.2600534503918,0.02706018909321316
CMS-EXO-19-012,0.6666666666666666,2729.3233082706765,0.02694232914608731
CMS-EXO-19-012,0.6666666666666666,2812.03007518797,0.0267472744804145
CMS-EXO-19-012,0.6666666666666666,2812.493989327169,0.027060189093213147
CMS-EXO-19-012,0.6666666666666666,2812.03007518797,0.02711323487858241
CMS-EXO-19-012,0.6666666666666666,2808.2574102419694,0.02706018909321316
CMS-EXO-19-012,0.6666666666666666,2812.03007518797,0.0267472744804145
CMS-EXO-19-012,0.6666666666666666,2676.691729323308,0.027879243219177105
CMS-EXO-19-012,0.6666666666666666,2684.210526315789,0.027793921849351616
CMS-EXO-19-012,0.6666666666666666,2691.7293233082705,0.027722731054669332
CMS-EXO-19-012,0.6666666666666666,2699.248120300752,0.027662429105542032
CMS-EXO-19-012,0.6666666666666666,2706.766917293233,0.027695397450365616
CMS-EXO-19-012,0.6666666666666666,2714.285714285714,0.02775227437771923
CMS-EXO-19-012,0.6666666666666666,2721.8045112781956,0.027728572262414524
CMS-EXO-19-012,0.6666666666666666,2727.410135466101,0.02793285250948253
CMS-EXO-19-012,0.6666666666666666,2721.8045112781956,0.028390135187339634
CMS-EXO-19-012,0.6666666666666666,2717.1200989292156,0.02883365842821083
CMS-EXO-19-012,0.6666666666666666,2714.285714285714,0.029036016286176542
CMS-EXO-19-012,0.6666666666666666,2706.766917293233,0.029738711567637865
CMS-EXO-19-012,0.6666666666666666,2706.456896220232,0.029763514416313162
CMS-EXO-19-012,0.6666666666666666,2699.248120300752,0.03019471617357207
CMS-EXO-19-012,0.6666666666666666,2692.4167432819295,0.029763514416313162
CMS-EXO-19-012,0.6666666666666666,2691.7293233082705,0.029700660089615284
CMS-EXO-19-012,0.6666666666666666,2684.2105263157896,0.029049246671299284
CMS-EXO-19-012,0.6666666666666666,2681.5239110454663,0.02883365842821083
CMS-EXO-19-012,0.6666666666666666,2676.691729323308,0.028336121269163145
CMS-EXO-19-012,0.6666666666666666,2672.624725322357,0.02793285250948253
CMS-EXO-19-012,0.6666666666666666,2676.691729323308,0.027879243219177105
CMS-EXO-19-012,0.6666666666666666,2796.9924812030076,0.027600621365060484
CMS-EXO-19-012,0.6666666666666666,2804.5112781954886,0.027472195901462264
CMS-EXO-19-012,0.6666666666666666,2805.0153291158717,0.02793285250948253
CMS-EXO-19-012,0.6666666666666666,2804.5112781954886,0.027992351411634656
CMS-EXO-19-012,0.6666666666666666,2796.9924812030076,0.02798908755535364
CMS-EXO-19-012,0.6666666666666666,2793.3292067310495,0.02793285250948253
CMS-EXO-19-012,0.6666666666666666,2796.9924812030076,0.027600621365060484
CMS-EXO-19-012,0.6666666666666666,2781.954887218045,0.02858890504509173
CMS-EXO-19-012,0.6666666666666666,2789.4736842105262,0.0284088092339943
CMS-EXO-19-012,0.6666666666666666,2789.9163395303185,0.02883365842821083
CMS-EXO-19-012,0.6666666666666666,2789.4736842105262,0.028887588176255957
CMS-EXO-19-012,0.6666666666666666,2781.954887218045,0.028866320310419444
CMS-EXO-19-012,0.6666666666666666,2779.4438820248242,0.02883365842821083
CMS-EXO-19-012,0.6666666666666666,2781.954887218045,0.02858890504509173
CMS-EXO-19-012,0.6666666666666666,2766.9172932330825,0.029753487844683308
CMS-EXO-19-012,0.6666666666666666,2774.436090225564,0.029352365510798676
CMS-EXO-19-012,0.6666666666666666,2774.845253653608,0.029763514416313145
CMS-EXO-19-012,0.6666666666666666,2774.436090225564,0.02981496771977055
CMS-EXO-19-012,0.6666666666666666,2766.9172932330825,0.02976434008055415
CMS-EXO-19-012,0.6666666666666666,2766.830356992331,0.029763514416313162
CMS-EXO-19-012,0.6666666666666666,2766.9172932330825,0.029753487844683308
CMS-EXO-19-012,0.6666666666666666,2759.3984962406016,0.03024976710296611
CMS-EXO-19-012,0.6666666666666666,2759.9014336535215,0.030723357308809294
CMS-EXO-19-012,0.6666666666666666,2759.3984962406016,0.030788655454142184
CMS-EXO-19-012,0.6666666666666666,2753.614663266807,0.030723357308809308
CMS-EXO-19-012,0.6666666666666666,2759.3984962406016,0.03024976710296611
CMS-EXO-19-012,0.6666666666666666,2744.3609022556393,0.031144419185476453
CMS-EXO-19-012,0.6666666666666666,2745.027733715362,0.03171415415268999
CMS-EXO-19-012,0.6666666666666666,2744.3609022556393,0.031803554198764135
CMS-EXO-19-012,0.6666666666666666,2738.6699721185705,0.03171415415268999
CMS-EXO-19-012,0.6666666666666666,2744.3609022556393,0.031144419185476453
CMS-EXO-19-012,0.6666666666666666,2639.097744360902,0.03273676118113075
CMS-EXO-19-012,0.6666666666666666,2646.6165413533836,0.03272725769498435
CMS-EXO-19-012,0.6666666666666666,2654.1353383458645,0.032717756967701274
CMS-EXO-19-012,0.6666666666666666,2661.654135338346,0.03270825899848057
CMS-EXO-19-012,0.6666666666666666,2667.582429532031,0.03273690318122209
CMS-EXO-19-012,0.6666666666666666,2661.654135338346,0.032825262213031406
CMS-EXO-19-012,0.6666666666666666,2654.1353383458645,0.0327758003213002
CMS-EXO-19-012,0.6666666666666666,2651.7318247766516,0.03379263481967431
CMS-EXO-19-012,0.6666666666666666,2647.9885221081067,0.03488241272347604
CMS-EXO-19-012,0.6666666666666666,2646.6165413533836,0.035077114690875155
CMS-EXO-19-012,0.6666666666666666,2639.097744360902,0.035560602367473576
CMS-EXO-19-012,0.6666666666666666,2635.575083073462,0.03600733484985617
CMS-EXO-19-012,0.6666666666666666,2631.578947368421,0.03648599044325702
CMS-EXO-19-012,0.6666666666666666,2625.1835441122494,0.03716853456404114
CMS-EXO-19-012,0.6666666666666666,2624.06015037594,0.03737156217064544
CMS-EXO-19-012,0.6666666666666666,2616.5413533834585,0.037862609567203456
CMS-EXO-19-012,0.6666666666666666,2612.4889469804293,0.03836718178112645
CMS-EXO-19-012,0.6666666666666666,2609.0225563909776,0.038916868847633256
CMS-EXO-19-012,0.6666666666666666,2601.503759398496,0.039356073514386955
CMS-EXO-19-012,0.6666666666666666,2593.9849624060153,0.039435192036861307
CMS-EXO-19-012,0.6666666666666666,2586.466165413534,0.039265923660073844
CMS-EXO-19-012,0.6666666666666666,2578.9473684210525,0.039000514814415306
CMS-EXO-19-012,0.6666666666666666,2571.4285714285716,0.03851864830785846
CMS-EXO-19-012,0.6666666666666666,2569.925001693021,0.03836718178112645
CMS-EXO-19-012,0.6666666666666666,2563.90977443609,0.03791366052597543
CMS-EXO-19-012,0.6666666666666666,2556.390977443609,0.03738576184188406
CMS-EXO-19-012,0.6666666666666666,2552.949143036799,0.03716853456404114
CMS-EXO-19-012,0.6666666666666666,2553.2862147414653,0.03600733484985617
CMS-EXO-19-012,0.6666666666666666,2555.358001787929,0.03488241272347604
CMS-EXO-19-012,0.6666666666666666,2556.390977443609,0.03433473497626659
CMS-EXO-19-012,0.6666666666666666,2557.4297888343917,0.03379263481967431
CMS-EXO-19-012,0.6666666666666666,2563.90977443609,0.032889651242646006
CMS-EXO-19-012,0.6666666666666666,2571.4285714285716,0.032816597335749556
CMS-EXO-19-012,0.6666666666666666,2578.9473684210525,0.03280860157640645
CMS-EXO-19-012,0.6666666666666666,2586.4661654135343,0.032800607765229
CMS-EXO-19-012,0.6666666666666666,2593.9849624060153,0.03279261590174251
CMS-EXO-19-012,0.6666666666666666,2601.503759398496,0.032784320022859886
CMS-EXO-19-012,0.6666666666666666,2609.0225563909776,0.032774802730375384
CMS-EXO-19-012,0.6666666666666666,2616.5413533834585,0.03276528820076217
CMS-EXO-19-012,0.6666666666666666,2624.06015037594,0.03275577643321816
CMS-EXO-19-012,0.6666666666666666,2631.578947368421,0.03274626742694156
CMS-EXO-19-012,0.6666666666666666,2638.985415837638,0.03273690318122211
CMS-EXO-19-012,0.6666666666666666,2639.097744360902,0.03273676118113075
CMS-EXO-19-012,0.6666666666666666,2706.766917293233,0.03268891802561783
CMS-EXO-19-012,0.6666666666666666,2708.4781731653175,0.03273690318122209
CMS-EXO-19-012,0.6666666666666666,2706.766917293233,0.03301582944952437
CMS-EXO-19-012,0.6666666666666666,2706.0513563273,0.03273690318122209
CMS-EXO-19-012,0.6666666666666666,2706.766917293233,0.03268891802561783
CMS-EXO-19-012,0.6666666666666666,2729.3233082706765,0.03213243797958595
CMS-EXO-19-012,0.6666666666666666,2736.8421052631584,0.031944229921921835
CMS-EXO-19-012,0.6666666666666666,2737.5626795646517,0.03273690318122209
CMS-EXO-19-012,0.6666666666666666,2736.842105263158,0.032836635101397935
CMS-EXO-19-012,0.6666666666666666,2729.3233082706765,0.03282271176705735
CMS-EXO-19-012,0.6666666666666666,2723.8909299629245,0.03273690318122209
CMS-EXO-19-012,0.6666666666666666,2729.3233082706765,0.03213243797958595
CMS-EXO-19-012,0.6666666666666666,2691.7293233082705,0.033693775228299284
CMS-EXO-19-012,0.6666666666666666,2696.164775934683,0.03379263481967431
CMS-EXO-19-012,0.6666666666666666,2691.72932330827,0.034257186976289405
CMS-EXO-19-012,0.6666666666666666,2690.839042728548,0.03379263481967431
CMS-EXO-19-012,0.6666666666666666,2691.7293233082705,0.033693775228299284
CMS-EXO-19-012,0.6666666666666666,2714.285714285714,0.03319790944107953
CMS-EXO-19-012,0.6666666666666666,2721.8045112781956,0.0330120026318799
CMS-EXO-19-012,0.6666666666666666,2722.4657215136735,0.03379263481967431
CMS-EXO-19-012,0.6666666666666666,2721.8045112781956,0.0338870898293336
CMS-EXO-19-012,0.6666666666666666,2714.285714285714,0.03384943150798149
CMS-EXO-19-012,0.6666666666666666,2709.690170367209,0.03379263481967431
CMS-EXO-19-012,0.6666666666666666,2714.285714285714,0.03319790944107953
CMS-EXO-19-012,0.6666666666666666,2684.2105263157896,0.03483949643211036
CMS-EXO-19-012,0.6666666666666666,2685.600525716355,0.03488241272347604
CMS-EXO-19-012,0.6666666666666666,2691.7293233082705,0.03514436713652665
CMS-EXO-19-012,0.6666666666666666,2692.482686833098,0.036007334849856146
CMS-EXO-19-012,0.6666666666666666,2691.7293233082705,0.036122029578055985
CMS-EXO-19-012,0.6666666666666666,2684.2105263157896,0.03601722991807653
CMS-EXO-19-012,0.6666666666666666,2682.3016811959665,0.03600733484985617
CMS-EXO-19-012,0.6666666666666666,2680.5618379641182,0.03488241272347604
CMS-EXO-19-012,0.6666666666666666,2684.2105263157896,0.03483949643211036
CMS-EXO-19-012,0.6666666666666666,2699.248120300752,0.034275588529509175
CMS-EXO-19-012,0.6666666666666666,2706.766917293233,0.03409114524505563
CMS-EXO-19-012,0.6666666666666666,2707.4048502600212,0.03488241272347604
CMS-EXO-19-012,0.6666666666666666,2706.766917293233,0.034976476755103826
CMS-EXO-19-012,0.6666666666666666,2699.248120300752,0.03490656012996794
CMS-EXO-19-012,0.6666666666666666,2696.2889539704966,0.03488241272347604
CMS-EXO-19-012,0.6666666666666666,2699.248120300752,0.034275588529509175
CMS-EXO-19-012,0.6666666666666666,2601.503759398496,0.03661244468231221
CMS-EXO-19-012,0.6666666666666666,2596.521333124736,0.03716853456404114
CMS-EXO-19-012,0.6666666666666666,2601.503759398496,0.0378424948948922
CMS-EXO-19-012,0.6666666666666666,2605.4830879927076,0.03716853456404114
CMS-EXO-19-012,0.6666666666666666,2601.503759398496,0.03661244468231221
CMS-EXO-19-012,0.6666666666666666,2578.9473684210525,0.04080497367451351
CMS-EXO-19-012,0.6666666666666666,2586.466165413534,0.04033462662463786
CMS-EXO-19-012,0.6666666666666666,2588.4056702161797,0.040881688243912896
CMS-EXO-19-012,0.6666666666666666,2586.466165413534,0.041278683471079186
CMS-EXO-19-012,0.6666666666666666,2578.9473684210525,0.04094594219122206
CMS-EXO-19-012,0.6666666666666666,2577.270425196919,0.040881688243912896
CMS-EXO-19-012,0.6666666666666666,2578.9473684210525,0.04080497367451351
CMS-EXO-19-012,0.6666666666666666,2503.7593984962405,0.05090067768461755
CMS-EXO-19-012,0.6666666666666666,2503.4090052773254,0.05105285690648807
CMS-EXO-19-012,0.6666666666666666,2496.2406015037595,0.052602401720800614
CMS-EXO-19-012,0.6666666666666666,2492.4416360613386,0.052699259315756565
CMS-EXO-19-012,0.6666666666666666,2496.2406015037595,0.05314903416813794
CMS-EXO-19-012,0.6666666666666666,2503.7593984962405,0.053126531318916294
CMS-EXO-19-012,0.6666666666666666,2505.335176783651,0.052699259315756565
CMS-EXO-19-012,0.6666666666666666,2511.278195488722,0.051411858101883506
CMS-EXO-19-012,0.6666666666666666,2516.831800837891,0.05105285690648807
CMS-EXO-19-012,0.6666666666666666,2511.278195488722,0.05086270862358808
CMS-EXO-19-012,0.6666666666666666,2503.7593984962405,0.05090067768461755
CMS-EXO-19-012,0.6666666666666666,2481.2030075187968,0.05432445151847382
CMS-EXO-19-012,0.6666666666666666,2480.584543625277,0.05439875651848994
CMS-EXO-19-012,0.6666666666666666,2481.2030075187968,0.05491116970180493
CMS-EXO-19-012,0.6666666666666666,2488.721804511278,0.054888296015540176
CMS-EXO-19-012,0.6666666666666666,2490.9079546275434,0.05439875651848994
CMS-EXO-19-012,0.6666666666666666,2488.7218045112777,0.05348486468303656
CMS-EXO-19-012,0.6666666666666666,2481.2030075187968,0.05432445151847382
CMS-EXO-19-012,0.6666666666666666,2473.684210526316,0.056119419555771835
CMS-EXO-19-012,0.6666666666666666,2468.7818867046967,0.05615306076746272
CMS-EXO-19-012,0.6666666666666666,2473.684210526316,0.05623345066911508
CMS-EXO-19-012,0.6666666666666666,2474.3050952389294,0.05615306076746272
CMS-EXO-19-012,0.6666666666666666,2473.684210526316,0.056119419555771835
CMS-EXO-19-012,0.6666666666666666,2458.646616541354,0.057952934539143734
CMS-EXO-19-012,0.6666666666666666,2458.163118074673,0.05796393953384967
CMS-EXO-19-012,0.6666666666666666,2458.646616541353,0.05802565466623477
CMS-EXO-19-012,0.6666666666666666,2460.847436318474,0.05796393953384967
CMS-EXO-19-012,0.6666666666666666,2458.6466165413535,0.057952934539143734
CMS-EXO-19-012,0.6666666666666666,2451.1278195488726,0.05965213806602931
CMS-EXO-19-012,0.6666666666666666,2445.7781662068037,0.05983321728796282
CMS-EXO-19-012,0.6666666666666666,2451.127819548872,0.05994644434668978
CMS-EXO-19-012,0.6666666666666666,2451.508238499321,0.05983321728796282
CMS-EXO-19-012,0.6666666666666666,2451.127819548872,0.05965213806602931
CMS-EXO-19-012,1.0,2473.684210526316,0.051001418324394206
CMS-EXO-19-012,1.0,2481.2030075187968,0.050685348602116403
CMS-EXO-19-012,1.0,2488.721804511278,0.05040863069440863
CMS-EXO-19-012,1.0,2496.2406015037595,0.050101507539102134
CMS-EXO-19-012,1.0,2498.6896968317396,0.05105285690648807
CMS-EXO-19-012,1.0,2496.2406015037595,0.05157705879483785
CMS-EXO-19-012,1.0,2488.721804511278,0.05145324098258709
CMS-EXO-19-012,1.0,2484.030669088289,0.052699259315756565
CMS-EXO-19-012,1.0,2481.2030075187968,0.05326868624667245
CMS-EXO-19-012,1.0,2473.684210526316,0.05365996669090905
CMS-EXO-19-012,1.0,2471.6580017052597,0.05439875651848994
CMS-EXO-19-012,1.0,2466.1654135338345,0.05505634809350422
CMS-EXO-19-012,1.0,2462.3906298015677,0.05615306076746272
CMS-EXO-19-012,1.0,2458.6466165413535,0.05703861177072086
CMS-EXO-19-012,1.0,2451.127819548872,0.056950841136579375
CMS-EXO-19-012,1.0,2448.355676897847,0.05796393953384967
CMS-EXO-19-012,1.0,2443.609022556391,0.059055309959176384
CMS-EXO-19-012,1.0,2436.09022556391,0.059753569984817775
CMS-EXO-19-012,1.0,2435.9046506926184,0.05983321728796282
CMS-EXO-19-012,1.0,2428.5714285714284,0.060939671155907184
CMS-EXO-19-012,1.0,2425.671304227488,0.061762777337415566
CMS-EXO-19-012,1.0,2421.0526315789475,0.06296815199048826
CMS-EXO-19-012,1.0,2413.533834586466,0.06302637271927478
CMS-EXO-19-012,1.0,2411.821979779126,0.06375456372456506
CMS-EXO-19-012,1.0,2406.0150375939847,0.06524815015866206
CMS-EXO-19-012,1.0,2399.6151301381033,0.06581058318514578
CMS-EXO-19-012,1.0,2398.496240601504,0.06613009453007312
CMS-EXO-19-012,1.0,2390.9774436090224,0.06742802984170251
CMS-EXO-19-012,1.0,2388.7077450639686,0.06793290717006695
CMS-EXO-19-012,1.0,2383.4586466165415,0.0694431136417366
CMS-EXO-19-012,1.0,2375.93984962406,0.06974352583790344
CMS-EXO-19-012,1.0,2374.926588429289,0.07012367393241041
CMS-EXO-19-012,1.0,2368.421052631579,0.07193683708830283
CMS-EXO-19-012,1.0,2363.4035854550175,0.07238509068173248
CMS-EXO-19-012,1.0,2360.902255639098,0.07316130143083258
CMS-EXO-19-012,1.0,2353.3834586466164,0.07427705029468072
CMS-EXO-19-012,1.0,2351.5897167644926,0.07471943580783995
CMS-EXO-19-012,1.0,2345.8646616541355,0.07653426512522407
CMS-EXO-19-012,1.0,2338.345864661654,0.076879243176549
CMS-EXO-19-012,1.0,2337.799313616796,0.07712906117627992
CMS-EXO-19-012,1.0,2330.8270676691727,0.07924473106923613
CMS-EXO-19-012,1.0,2327.3457609231373,0.07961639449785758
CMS-EXO-19-012,1.0,2323.308270676692,0.08098613454154524
CMS-EXO-19-012,1.0,2315.7894736842104,0.08182873493045008
CMS-EXO-19-012,1.0,2314.5116575478423,0.08218394177456798
CMS-EXO-19-012,1.0,2308.2706766917295,0.08436500977973974
CMS-EXO-19-012,1.0,2300.751879699248,0.08473448307394048
CMS-EXO-19-012,1.0,2300.5282895288856,0.08483428982440717
CMS-EXO-19-012,1.0,2293.233082706767,0.08723694085165203
CMS-EXO-19-012,1.0,2290.7014919900057,0.08757010888760508
CMS-EXO-19-012,1.0,2285.714285714286,0.08945779630709452
CMS-EXO-19-012,1.0,2278.1954887218044,0.09004250581969012
CMS-EXO-19-012,1.0,2277.2710730923013,0.09039415531690745
CMS-EXO-19-012,1.0,2270.6766917293235,0.0929300991895207
CMS-EXO-19-012,1.0,2263.5972821909636,0.09330927435461664
CMS-EXO-19-012,1.0,2263.157894736842,0.09354354378788599
CMS-EXO-19-012,1.0,2255.6390977443607,0.0958602034756883
CMS-EXO-19-012,1.0,2253.7863295524553,0.09631840299918837
CMS-EXO-19-012,1.0,2248.1203007518798,0.09869976889616448
CMS-EXO-19-012,1.0,2240.6015037593984,0.09891120436815434
CMS-EXO-19-012,1.0,2239.611426836291,0.09942457296427408
CMS-EXO-19-012,1.0,2233.0827067669175,0.1021675184953765
CMS-EXO-19-012,1.0,2228.3230786511876,0.10263091373318949
CMS-EXO-19-012,1.0,2225.563909774436,0.10415960163200956
CMS-EXO-19-012,1.0,2218.0451127819547,0.10519602748438213
CMS-EXO-19-012,1.0,2216.834422385925,0.10594065571188499
CMS-EXO-19-012,1.0,2210.5263157894738,0.10889739167145888
CMS-EXO-19-012,1.0,2203.0075187969924,0.10832672396513505
CMS-EXO-19-012,1.0,2201.1450850799865,0.10935713348359936
CMS-EXO-19-012,1.0,2195.4887218045114,0.11189688192648937
CMS-EXO-19-012,1.0,2192.615153276961,0.11288378916846883
CMS-EXO-19-012,1.0,2187.96992481203,0.11542657846785388
CMS-EXO-19-012,1.0,2180.4511278195487,0.11526746872622207
CMS-EXO-19-012,1.0,2179.2887418548726,0.11652417589148303
CMS-EXO-19-012,1.0,2172.9323308270677,0.11986390391624847
CMS-EXO-19-012,1.0,2165.4135338345864,0.11889877063021059
CMS-EXO-19-012,1.0,2163.102333469717,0.12028196136227776
CMS-EXO-19-012,1.0,2157.8947368421054,0.12262804477850833
CMS-EXO-19-012,1.0,2156.205908880361,0.12416093157037254
CMS-EXO-19-012,1.0,2150.375939849624,0.12745996707218565
CMS-EXO-19-012,1.0,2142.8571428571427,0.12566494038538903
CMS-EXO-19-012,1.0,2139.611233193831,0.12416093157037254
CMS-EXO-19-012,1.0,2142.8571428571427,0.12234368394749835
CMS-EXO-19-012,1.0,2148.4792452687275,0.12028196136227776
CMS-EXO-19-012,1.0,2150.375939849624,0.11898019061250692
CMS-EXO-19-012,1.0,2154.6084396806127,0.11652417589148303
CMS-EXO-19-012,1.0,2157.8947368421054,0.1136093694263645
CMS-EXO-19-012,1.0,2158.796331135211,0.11288378916846883
CMS-EXO-19-012,1.0,2161.6446473640517,0.10935713348359936
CMS-EXO-19-012,1.0,2165.4135338345864,0.10868580113061184
CMS-EXO-19-012,1.0,2172.9323308270677,0.10742833120328396
CMS-EXO-19-012,1.0,2180.4511278195487,0.10626840933631183
CMS-EXO-19-012,1.0,2182.695509801022,0.10594065571188499
CMS-EXO-19-012,1.0,2187.96992481203,0.10518677342495178
CMS-EXO-19-012,1.0,2195.4887218045114,0.10433975151569547
CMS-EXO-19-012,1.0,2203.0075187969924,0.10296873008273622
CMS-EXO-19-012,1.0,2203.931248149669,0.10263091373318949
CMS-EXO-19-012,1.0,2209.255948971236,0.09942457296427408
CMS-EXO-19-012,1.0,2210.5263157894738,0.09845366423061591
CMS-EXO-19-012,1.0,2213.6405941069,0.09631840299918837
CMS-EXO-19-012,1.0,2217.212763294128,0.09330927435461664
CMS-EXO-19-012,1.0,2218.0451127819547,0.09244804656973982
CMS-EXO-19-012,1.0,2220.061852176066,0.09039415531690745
CMS-EXO-19-012,1.0,2222.4074801027127,0.08757010888760508
CMS-EXO-19-012,1.0,2224.3665839701375,0.08483428982440717
CMS-EXO-19-012,1.0,2225.563909774436,0.08288217371358428
CMS-EXO-19-012,1.0,2225.9996389913813,0.08218394177456798
CMS-EXO-19-012,1.0,2233.0827067669175,0.08105587160676696
CMS-EXO-19-012,1.0,2240.6015037593984,0.08030675466069889
CMS-EXO-19-012,1.0,2248.1203007518798,0.07973249082781726
CMS-EXO-19-012,1.0,2249.7371206023577,0.07961639449785758
CMS-EXO-19-012,1.0,2255.6390977443607,0.07813144382487389
CMS-EXO-19-012,1.0,2260.331600712375,0.07712906117627992
CMS-EXO-19-012,1.0,2263.157894736842,0.07652331469902275
CMS-EXO-19-012,1.0,2270.6766917293235,0.07509207659284839
CMS-EXO-19-012,1.0,2272.8578978119413,0.07471943580783995
CMS-EXO-19-012,1.0,2278.1954887218044,0.07360671729715865
CMS-EXO-19-012,1.0,2285.2442798170096,0.07238509068173248
CMS-EXO-19-012,1.0,2285.714285714286,0.07229727915952848
CMS-EXO-19-012,1.0,2293.233082706767,0.07102650415542872
CMS-EXO-19-012,1.0,2299.1411936918867,0.07012367393241041
CMS-EXO-19-012,1.0,2300.751879699248,0.06985514745226336
CMS-EXO-19-012,1.0,2308.2706766917295,0.0679571711754686
CMS-EXO-19-012,1.0,2308.3702217749405,0.06793290717006695
CMS-EXO-19-012,1.0,2315.7894736842104,0.06586263731762097
CMS-EXO-19-012,1.0,2315.9811721716924,0.06581058318514578
CMS-EXO-19-012,1.0,2323.308270676692,0.06481649398467179
CMS-EXO-19-012,1.0,2330.8270676691727,0.0641140263271821
CMS-EXO-19-012,1.0,2335.8790873533226,0.06375456372456506
CMS-EXO-19-012,1.0,2338.345864661654,0.06352239019655112
CMS-EXO-19-012,1.0,2345.8646616541355,0.06291729837698605
CMS-EXO-19-012,1.0,2353.3834586466164,0.06240905635278285
CMS-EXO-19-012,1.0,2360.902255639098,0.061974394829684726
CMS-EXO-19-012,1.0,2365.0188956314505,0.061762777337415566
CMS-EXO-19-012,1.0,2368.421052631579,0.06149279476818699
CMS-EXO-19-012,1.0,2375.93984962406,0.06096477321275896
CMS-EXO-19-012,1.0,2383.4586466165415,0.060514268567977494
CMS-EXO-19-012,1.0,2390.9774436090224,0.06011661229294634
CMS-EXO-19-012,1.0,2396.6747400869613,0.05983321728796282
CMS-EXO-19-012,1.0,2398.496240601504,0.05971506586511429
CMS-EXO-19-012,1.0,2406.0150375939847,0.058867134298422816
CMS-EXO-19-012,1.0,2413.533834586466,0.058046663316674636
CMS-EXO-19-012,1.0,2414.3386224015676,0.05796393953384967
CMS-EXO-19-012,1.0,2421.0526315789475,0.057122473894974754
CMS-EXO-19-012,1.0,2428.5714285714284,0.056307410679933494
CMS-EXO-19-012,1.0,2430.1405362825576,0.05615306076746272
CMS-EXO-19-012,1.0,2436.0902255639094,0.055408342940841765
CMS-EXO-19-012,1.0,2443.609022556391,0.05458681542759588
CMS-EXO-19-012,1.0,2445.569359052038,0.05439875651848994
CMS-EXO-19-012,1.0,2451.127819548872,0.05368181015586791
CMS-EXO-19-012,1.0,2458.6466165413535,0.05284349182640794
CMS-EXO-19-012,1.0,2460.1461812201637,0.052699259315756565
CMS-EXO-19-012,1.0,2466.1654135338345,0.051843477465915576
CMS-EXO-19-012,1.0,2472.557445856169,0.05105285690648807
CMS-EXO-19-012,1.0,2473.684210526316,0.051001418324394206
CMS-EXO-19-012,1.0,2135.3383458646617,0.125802208001896
CMS-EXO-19-012,1.0,2139.3437946447634,0.1281649945995757
CMS-EXO-19-012,1.0,2135.3383458646617,0.13073408846953305
CMS-EXO-19-012,1.0,2129.882470768145,0.1281649945995757
CMS-EXO-19-012,1.0,2135.3383458646617,0.125802208001896
CMS-EXO-19-012,1.0,2112.781954887218,0.13335001408980982
CMS-EXO-19-012,1.0,2119.200338792238,0.13656466567946096
CMS-EXO-19-012,1.0,2112.781954887218,0.14050003175511816
CMS-EXO-19-012,1.0,2106.7580395404752,0.13656466567946096
CMS-EXO-19-012,1.0,2112.781954887218,0.13335001408980982
CMS-EXO-19-012,1.0,2090.2255639097743,0.14379891128430397
CMS-EXO-19-012,1.0,2094.022209669126,0.14551483398731938
CMS-EXO-19-012,1.0,2090.2255639097743,0.14582533989865662
CMS-EXO-19-012,1.0,2087.500984099305,0.14551483398731938
CMS-EXO-19-012,1.0,2090.2255639097743,0.14379891128430397
CMS-EXO-19-012,1.0,2052.6315789473683,0.1572504876231766
CMS-EXO-19-012,1.0,2054.2988999234603,0.1600518327588198
CMS-EXO-19-012,1.0,2052.6315789473683,0.1611823215562237
CMS-EXO-19-012,1.0,2047.7177719374936,0.1600518327588198
CMS-EXO-19-012,1.0,2052.6315789473683,0.1572504876231766
