r_value,mZp_GeV,xsecXBR_pb
0.6666666666666666,2079.840945016995,0.0002540044950823625
0.6666666666666666,2076.126878130217,0.00025844636031247594
0.6666666666666666,2071.4069337041738,0.00025764533413051555
0.6666666666666666,,
0.6666666666666666,2064.0211663643113,0.00026344752333004
0.6666666666666666,2069.1151919866443,0.0002622980017732122
0.6666666666666666,2076.126878130217,0.00026072393857048926
0.6666666666666666,2081.9139996368735,0.00025943189759960745
0.6666666666666666,2083.1385642737896,0.00025915932139842417
0.6666666666666666,2090.1502504173623,0.000257604093570922
0.6666666666666666,2097.161936560935,0.00025605819874206505
0.6666666666666666,2104.1736227045076,0.00025452158090406916
0.6666666666666666,2106.5426411922776,0.0002540044950823625
0.6666666666666666,2111.1853088480802,0.00025299418438525683
0.6666666666666666,2118.196994991653,0.00025147595384803737
0.6666666666666666,2125.2086811352256,0.0002499668342869054
0.6666666666666666,2131.1712827476817,0.00024869063565043873
0.6666666666666666,2132.220367278798,0.00024846677102644503
0.6666666666666666,2132.5115279966144,0.000248690635650439
0.6666666666666666,2133.303155995036,0.0002540044950823625
0.6666666666666666,2133.3094975910867,0.00025943189759960745
0.6666666666666666,2133.315839187137,0.0002649752693168249
0.6666666666666666,2133.322180783188,0.00027063708818830383
0.6666666666666666,2133.328522379238,0.0002764198851156444
0.6666666666666666,2133.3361762696613,0.00028232624507910356
0.6666666666666666,2133.345237389387,0.0002883588082931123
0.6666666666666666,2133.354298509113,0.00029452027138648093
0.6666666666666666,2133.3633596288387,0.00030081338860782873
0.6666666666666666,2133.3724207485648,0.0003072409730567646
0.6666666666666666,2133.381481868291,0.0003138058979413746
0.6666666666666666,2134.2099746775766,0.0003205110978625849
0.6666666666666666,2135.1951416672914,0.0003273595701259604
0.6666666666666666,2136.1803086570067,0.0003343543760815387
0.6666666666666666,2137.1654756467215,0.00034149864249229014
0.6666666666666666,2138.1506426364363,0.0003487955629318178
0.6666666666666666,2139.1358096261515,0.0003562483992119245
0.6666666666666666,2139.232053422371,0.0003569849724822155
0.6666666666666666,2140.1209766158663,0.0003638604828406817
0.6666666666666666,2141.106143605581,0.0003716352165116549
0.6666666666666666,2142.091310595296,0.0003795760756249481
0.6666666666666666,2143.076477585011,0.0003876866098407493
0.6666666666666666,2144.0042390030358,0.00039597044466607224
0.6666666666666666,2144.068542399492,0.0004044312830754011
0.6666666666666666,2144.079451686735,0.000413072907165968
0.6666666666666666,2144.090360973977,0.00042189917984839165
0.6666666666666666,2144.10127026122,0.0004309140465734481
0.6666666666666666,2144.112179548463,0.0004401215370957338
0.6666666666666666,2144.1230888357054,0.00044952576727501684
0.6666666666666666,2144.182371079942,0.0004591309409160725
0.6666666666666666,2144.6276181278226,0.000468941351647839
0.6666666666666666,2145.6077364628995,0.00047896138484271794
0.6666666666666666,2146.2437395659435,0.00048557768644042377
0.6666666666666666,2146.5878547979764,0.0004891955195768905
0.6666666666666666,2147.567973133053,0.0004996483306325197
0.6666666666666666,2148.54809146813,0.0005103244905427326
0.6666666666666666,2149.528209803207,0.0005212287716802978
0.6666666666666666,2150.5083281382836,0.0005323660483909356
0.6666666666666666,2151.4884464733605,0.000543741299172209
0.6666666666666666,2152.4685648084373,0.0005553596088989728
0.6666666666666666,2153.101967084273,0.0005672261710963744
0.6666666666666666,2153.115135185266,0.0005793462902614208
0.6666666666666666,2153.1283032862593,0.0005917253842341546
0.6666666666666666,2153.1414713872523,0.000604368986619493
0.6666666666666666,2153.1546394882457,0.000617282749260818
0.6666666666666666,2153.167807589239,0.0006304724447664181
0.6666666666666666,2153.180975690232,0.0006439439690899121
0.6666666666666666,2153.1941437912255,0.0006577033441658132
0.6666666666666666,2153.2086460161054,0.0006717567206014093
0.6666666666666666,2153.255425709516,0.0006742117971733372
0.6666666666666666,2153.477732256011,0.0006861103804261534
0.6666666666666666,2154.4304590754914,0.0007007707398998128
0.6666666666666666,2155.4045563599752,0.0007157443523806101
0.6666666666666666,2156.3786536444595,0.0007310379112546559
0.6666666666666666,2157.3527509289434,0.0007466582529279718
0.6666666666666666,2158.326848213428,0.000762612359882453
0.6666666666666666,2159.300945497912,0.0007789073637971122
0.6666666666666666,2160.267111853089,0.0007954136171296188
0.6666666666666666,2160.2750427823967,0.0007955505487360326
0.6666666666666666,2160.7362577501217,0.000812549354404435
0.6666666666666666,2160.7522018202767,0.0008299113794743063
0.6666666666666666,2160.7681458904326,0.0008476443849811117
0.6666666666666666,2160.784089960588,0.0008657562977930622
0.6666666666666666,2160.800034030743,0.0008842552141545201
0.6666666666666666,2160.8159781008985,0.0009031494033051199
0.6666666666666666,2160.831922171054,0.0009224473111762259
0.6666666666666666,2160.8478662412094,0.0009421575641663562
0.6666666666666666,2160.8638103113644,0.0009622889729972897
0.6666666666666666,2160.87975438152,0.000982850536652567
0.6666666666666666,2160.9948266503884,0.0010038514464001435
0.6666666666666666,2161.87706691146,0.0010253010899010004
0.6666666666666666,2162.8438516407045,0.0010472090554055412
0.6666666666666666,2163.8106363699494,0.0010695851360396527
0.6666666666666666,2164.7774210991943,0.001092439334182354
0.6666666666666666,2165.7442058284387,0.0011157818659369846
0.6666666666666666,2166.7109905576835,0.001139623165697914
0.6666666666666666,2167.1924614773557,0.001163973890814861
0.6666666666666666,2167.21184244182,0.0011888449263568403
0.6666666666666666,2167.2312234062842,0.0012142473899779288
0.6666666666666666,2167.250604370748,0.001240192636886994
0.6666666666666666,2167.2699853352124,0.001266692264923601
0.6666666666666666,2167.278797996661,0.001278928381364464
0.6666666666666666,2167.2893662996767,0.0012937581197423995
0.6666666666666666,2167.308747264141,0.0013214023001082553
0.6666666666666666,2167.3281282286052,0.0013496371633045766
0.6666666666666666,2167.347509193069,0.001378475330657131
0.6666666666666666,2167.3668901575334,0.001407929693175962
0.6666666666666666,2167.3862711219977,0.0014380134173178098
0.6666666666666666,2167.4056520864615,0.001468739950871681
0.6666666666666666,2168.143035113709,0.0015001230289701784
0.6666666666666666,2169.0752917387103,0.0015321766802292613
0.6666666666666666,2170.0328721164096,0.0015649152330192181
0.6666666666666666,2170.9904524941094,0.0015983533218696122
0.6666666666666666,2171.948032871809,0.0016325058940110959
0.6666666666666666,2172.664083969888,0.001667388216057011
0.6666666666666666,2172.687760835072,0.0017030158808277371
0.6666666666666666,2172.7114377002554,0.0017394048143208845
0.6666666666666666,2172.7351145654393,0.0017765712828303967
0.6666666666666666,2172.7587914306228,0.001814531900217785
0.6666666666666666,2172.7824682958067,0.001853303635338732
0.6666666666666666,2172.80614516099,0.0018929038196283628
0.6666666666666666,2172.829822026174,0.0019333501548486206
0.6666666666666666,2172.853498891358,0.001974660721001156
0.6666666666666666,2172.8771757565414,0.0020168539844093126
0.6666666666666666,2172.900852621725,0.0020599488059728018
0.6666666666666666,2172.924529486909,0.0021039644495987413
0.6666666666666666,2172.9781940766275,0.00214892059081287
0.6666666666666666,2173.2855035615908,0.002194837325554729
0.6666666666666666,2174.2318816007974,0.002241735179160809
0.6666666666666666,2174.2904841402337,0.002244671962876314
0.6666666666666666,2175.178259640004,0.0022896351155396073
0.6666666666666666,2176.1246376792105,0.0023385585465427556
0.6666666666666666,2177.071015718417,0.0023885273415363848
0.6666666666666666,2177.347782963251,0.0024395638371769762
0.6666666666666666,2177.3768931284367,0.0024916908473961515
0.6666666666666666,2177.4060032936222,0.0025449316735987287
0.6666666666666666,2177.435113458808,0.0025993101150787795
0.6666666666666666,2177.464223623993,0.0026548504796581715
0.6666666666666666,2177.493333789179,0.0027115775945524656
0.6666666666666666,2177.522443954364,0.002769516817469004
0.6666666666666666,2177.55155411955,0.002828694047942066
0.6666666666666666,2177.5806642847356,0.002889135738910324
0.6666666666666666,2177.609774449921,0.002950868908541593
0.6666666666666666,2177.638884615106,0.003013921152310292
0.6666666666666666,2177.667994780292,0.0030783206553329527
0.6666666666666666,2177.697104945477,0.003144096204967312
0.6666666666666666,2177.843906383934,0.003211277203680609
0.6666666666666666,2178.407040213534,0.0032798936821928307
0.6666666666666666,2179.3392131022456,0.0033499763129008304
0.6666666666666666,2180.2713859909572,0.003421556423589243
0.6666666666666666,2181.203558879669,0.003494666011434374
0.6666666666666666,2181.3021702838064,0.0035390159959167765
0.6666666666666666,2181.367045545614,0.0035693377573073714
0.6666666666666666,2181.403142563388,0.0036456050403829133
0.6666666666666666,2181.439239581161,0.003723501953060145
0.6666666666666666,2181.4753365989345,0.0038030633162023687
0.6666666666666666,2181.5114336167085,0.003884324694702402
0.6666666666666666,2181.5475306344815,0.003967322413380529
0.6666666666666666,2181.583627652255,0.004052093573222093
0.6666666666666666,2181.619724670029,0.0041386760679621385
0.6666666666666666,2181.6558216878025,0.004227108601024337
0.6666666666666666,2181.6919187055764,0.004317430702821894
0.6666666666666666,2181.7280157233495,0.004409682748428131
0.6666666666666666,2181.7641127411234,0.0045039059756245975
0.6666666666666666,2181.800209758897,0.004600142503334917
0.6666666666666666,2181.8363067766704,0.004698435350452396
0.6666666666666666,2181.872403794444,0.004798828455070054
0.6666666666666666,2182.611053995232,0.0049013666941214095
0.6666666666666666,2183.487957879138,0.005006095903441064
0.6666666666666666,2184.4022626141104,0.005113062898253879
0.6666666666666666,2185.3682301902872,0.005222315494101893
0.6666666666666666,2185.674255507851,0.005333902528218535
0.6666666666666666,2185.7171907723127,0.005447873881359368
0.6666666666666666,2185.760126036775,0.005564280500099463
0.6666666666666666,2185.8030613012374,0.005683174419607086
0.6666666666666666,2185.8459965656994,0.005804608786904068
0.6666666666666666,2185.8889318301617,0.005928637884623185
0.6666666666666666,2185.931867094624,0.00605531715527311
0.6666666666666666,2185.9748023590864,0.0061847032260219335
0.6666666666666666,2186.017737623549,0.006316853934010153
0.6666666666666666,2186.060672888011,0.006451828352204591
0.6666666666666666,2186.1036081524735,0.006589686815804745
0.6666666666666666,2186.146543416936,0.0067304909492133125
0.6666666666666666,2186.189478681398,0.006874303693583092
0.6666666666666666,2186.23241394586,0.007021189334952389
0.6666666666666666,2186.2753492103225,0.00717121353298171
0.6666666666666666,2186.318284474785,0.007324443350304374
0.6666666666666666,2186.653207476991,0.007480947282504346
0.6666666666666666,2187.5625140334496,0.0076407952887346114
0.6666666666666666,2187.8286907289134,0.007804058822989715
0.6666666666666666,2187.877916923454,0.007970810866046622
0.6666666666666666,2187.9271431179936,0.008141125958087955
0.6666666666666666,2187.976369312534,0.00831508023202238
0.6666666666666666,2188.313856427379,0.008401958628414228
0.6666666666666666,2188.644842697876,0.008492751447516966
0.6666666666666666,2188.6963104966126,0.008674219025756639
0.6666666666666666,2188.747778295349,0.008859564084946477
0.6666666666666666,2188.799246094085,0.00904886947657247
0.6666666666666666,2188.850713892821,0.009242219822437198
0.6666666666666666,2189.4764474764056,0.009439701552486746
0.6666666666666666,2189.5303271409225,0.009641402943445959
0.6666666666666666,2189.584206805439,0.00984741415827924
0.6666666666666666,2189.638086469956,0.010057827286494419
0.6666666666666666,2189.6923070367275,0.010272736385307936
0.6666666666666666,2189.751842374344,0.010492237521689525
0.6666666666666666,2189.8113777119606,0.010716428815305356
0.6666666666666666,2189.870913049578,0.010945410482378631
0.6666666666666666,2189.9304483871947,0.011179284880487512
0.6666666666666666,2190.5039257334165,0.011418156554320224
0.6666666666666666,2190.566431227198,0.0116621322824077
0.6666666666666666,2190.62893672098,0.011911321124854993
0.6666666666666666,2190.6914422147615,0.012165834472092367
0.6666666666666666,2190.753947708544,0.012425786094668203
0.6666666666666666,2191.287426966866,0.012691292194105861
0.6666666666666666,2191.3531672867675,0.012962471454847064
0.6666666666666666,2191.418907606669,0.013239445097305402
0.6666666666666666,2191.4846479265707,0.013522336932053203
0.6666666666666666,2191.5503882464723,0.013811273415166473
0.6666666666666666,2192.0453836172096,0.014106383704752203
0.6666666666666666,2192.1146638034966,0.014407799718683634
0.6666666666666666,2192.1839439897835,0.014715656193569201
0.6666666666666666,2192.25322417607,0.01503009074498132
0.6666666666666666,2192.322504362357,0.01535124392897234
0.6666666666666666,2192.7581091738834,0.015679259304904682
0.6666666666666666,2192.8531502319643,0.01601428349962367
0.6666666666666666,2192.926327592049,0.016356466273001552
0.6666666666666666,2192.9995049521335,0.016705960584881867
0.6666666666666666,2193.072682312218,0.017062922663454463
0.6666666666666666,2193.1496605362295,0.017427512075091273
0.6666666666666666,2193.231253057026,0.017799891795674552
0.6666666666666666,2193.3128455778237,0.018180228283448938
0.6666666666666666,2193.394438098621,0.01856869155343036
0.6666666666666666,2193.476030619418,0.01896545525340486
0.6666666666666666,2193.8824865841343,0.019370696741551136
0.6666666666666666,2193.969136862316,0.01978459716572195
0.6666666666666666,2194.055787140499,0.02020734154441926
0.6666666666666666,2194.1424374186813,0.02063911884949979
0.6666666666666666,2194.2290876968636,0.021080122090647833
0.6666666666666666,2194.417830454384,0.021530548401652718
0.6666666666666666,2194.689162862639,0.02199059912853022
0.6666666666666666,2194.781519237505,0.02246047991952647
0.6666666666666666,2194.8738756123703,0.022940400817045393
0.6666666666666666,2194.966231987236,0.02343057635154004
0.6666666666666666,2195.0585883621015,0.023931225637410385
0.6666666666666666,2195.3255425709517,0.02433309218028928
0.6666666666666666,2195.4857693248464,0.02444257247095017
0.6666666666666666,2195.71724913397,0.0249648454303864
0.6666666666666666,2195.9487289430936,0.025498277978056767
0.6666666666666666,2196.180208752217,0.026043108564769994
0.6666666666666666,2196.4116885613403,0.026599580736396223
0.6666666666666666,2196.643168370464,0.027167943242735196
0.6666666666666666,2197.3214322665394,0.027748450148710108
0.6666666666666666,2197.566914093374,0.028341360947937978
0.6666666666666666,2197.812395920209,0.02894694067872621
0.6666666666666666,2198.0578777470437,0.029565460042548165
0.6666666666666666,2198.303359573878,0.03019719552504976
0.6666666666666666,2198.5488414007127,0.030842429519642032
0.6666666666666666,2198.907780566037,0.03150145045373446
0.6666666666666666,2199.193954610445,0.03217455291766534
0.6666666666666666,2199.480128654853,0.032862037796387446
0.6666666666666666,2199.7663026992614,0.03356421240396704
0.6666666666666666,2200.052476743669,0.03428139062095709
0.6666666666666666,2200.3386507880773,0.035013893034705756
0.6666666666666666,2200.831295964264,0.035762047082662576
0.6666666666666666,2201.1388933925086,0.03652618719874729
0.6666666666666666,2201.4464908207538,0.03730665496284552
0.6666666666666666,2201.754088248999,0.03810379925349944
0.6666666666666666,2202.0616856772435,0.038917976403860424
0.6666666666666666,2202.3372287145244,0.03966207005929249
0.6666666666666666,2202.503716819324,0.038917976403860424
0.6666666666666666,2202.6895727689966,0.03810379925349944
0.6666666666666666,2202.87542871867,0.03730665496284552
0.6666666666666666,2203.0612846683425,0.03652618719874729
0.6666666666666666,2203.2471406180157,0.035762047082662576
0.6666666666666666,2203.4928592895612,0.035013893034705756
0.6666666666666666,2203.658332684981,0.03428139062095709
0.6666666666666666,2203.8238060804006,0.03356421240396704
0.6666666666666666,2203.9892794758202,0.032862037796387446
0.6666666666666666,2204.15475287124,0.03217455291766534
0.6666666666666666,2204.320226266659,0.03150145045373446
0.6666666666666666,2204.6544826201853,0.030842429519642032
0.6666666666666666,2204.835109195424,0.03019719552504976
0.6666666666666666,2204.9871181581066,0.029565460042548165
0.6666666666666666,2205.1391271207885,0.02894694067872621
0.6666666666666666,2205.291136083471,0.028341360947937978
0.6666666666666666,2205.4431450461534,0.027748450148710108
0.6666666666666666,2205.720366779538,0.027167943242735196
0.6666666666666666,2205.8579010004996,0.026599580736396223
0.6666666666666666,2205.995435221461,0.02604310856476998
0.6666666666666666,2206.132969442422,0.025498277978056767
0.6666666666666666,2206.2705036633834,0.0249648454303864
0.6666666666666666,2206.4080378843446,0.02444257247095017
0.6666666666666666,2206.853288968949,0.023931225637410385
0.6666666666666666,2206.9813788694596,0.02343057635154004
0.6666666666666666,2207.1094687699697,0.022940400817045393
0.6666666666666666,2207.23755867048,0.02246047991952647
0.6666666666666666,2207.3656485709903,0.02199059912853022
0.6666666666666666,2207.569959452598,0.021530548401652718
0.6666666666666666,2207.79358122515,0.021080122090647833
0.6666666666666666,2207.9106018876937,0.02063911884949979
0.6666666666666666,2208.027622550238,0.02020734154441926
0.6666666666666666,2208.144643212782,0.01978459716572195
0.6666666666666666,2208.2616638753257,0.019370696741551136
0.6666666666666666,2208.576879260882,0.01896545525340486
0.6666666666666666,2208.6841466557216,0.01856869155343036
0.6666666666666666,2208.7914140505613,0.018180228283448938
0.6666666666666666,2208.898681445401,0.017799891795674552
0.6666666666666666,2209.0059488402408,0.017427512075091273
0.6666666666666666,2209.3489148580966,0.017200938063916968
0.6666666666666666,2209.569431764678,0.017062922663454463
0.6666666666666666,2209.671892720423,0.016705960584881867
0.6666666666666666,2209.7729946527097,0.016356466273001552
0.6666666666666666,2209.874096584996,0.01601428349962367
0.6666666666666666,2209.9751985172825,0.015679259304904682
0.6666666666666666,2210.3279809114515,0.01535124392897234
0.6666666666666666,2210.42117854715,0.01503009074498132
0.6666666666666666,2210.5143761828476,0.014715656193569201
0.6666666666666666,2210.607573818546,0.014407799718683634
0.6666666666666666,2210.700771454244,0.014106383704752203
0.6666666666666666,2211.3082664498843,0.013811273415166473
0.6666666666666666,2211.438632467429,0.013522336932053203
0.6666666666666666,2211.5269411305544,0.013239445097305402
0.6666666666666666,2211.6152497936796,0.012962471454847064
0.6666666666666666,2211.703558456805,0.012691292194105861
0.6666666666666666,2212.0920163424516,0.012425786094668203
0.6666666666666666,2212.1737612243187,0.012165834472092367
0.6666666666666666,2212.2555061061857,0.011911321124854993
0.6666666666666666,2212.3372509880533,0.0116621322824077
0.6666666666666666,2212.4577329236777,0.011418156554320224
0.6666666666666666,2212.819363382503,0.011179284880487512
0.6666666666666666,2212.8951567401773,0.010945410482378631
0.6666666666666666,2212.9709500978515,0.010716428815305351
0.6666666666666666,2213.0467434555258,0.01049223752168953
0.6666666666666666,2213.119148796313,0.010272736385307936
0.6666666666666666,2213.187722041717,0.010057827286494408
0.6666666666666666,2213.256295287121,0.00984741415827924
0.6666666666666666,2213.3248685325243,0.009641402943445959
0.6666666666666666,2213.7244415524287,0.009439701552486754
0.6666666666666666,2214.587666921849,0.009242219822437187
0.6666666666666666,2215.4337018967576,0.00904886947657247
0.6666666666666666,2216.02231973644,0.008859564084946477
0.6666666666666666,2216.0956060215067,0.008674219025756639
0.6666666666666666,2216.1688923065735,0.008492751447516966
0.6666666666666666,2216.242178591641,0.00831508023202238
0.6666666666666666,2216.3123847919223,0.008141125958087955
0.6666666666666666,2216.3606010016692,0.00801730288227356
0.6666666666666666,2216.3788973527053,0.007970810866046622
0.6666666666666666,2216.4454099134878,0.007804058822989715
0.6666666666666666,2216.51192247427,0.0076407952887346114
0.6666666666666666,2216.569688225854,0.007480947282504346
0.6666666666666666,2216.6218500711534,0.007324443350304374
0.6666666666666666,2216.674011916453,0.00717121353298171
0.6666666666666666,2216.7261737617528,0.007021189334952389
0.6666666666666666,2216.778335607052,0.006874303693583092
0.6666666666666666,2216.830497452351,0.0067304909492133125
0.6666666666666666,2216.882659297651,0.006589686815804745
0.6666666666666666,2216.93482114295,0.006451828352204591
0.6666666666666666,2216.9869829882496,0.006316853934010153
0.6666666666666666,2217.039144833549,0.0061847032260219335
0.6666666666666666,2217.0913066788485,0.00605531715527311
0.6666666666666666,2217.143468524148,0.005928637884623185
0.6666666666666666,2217.1956303694474,0.005804608786904068
0.6666666666666666,2217.247792214747,0.005683174419607086
0.6666666666666666,2217.2999540600463,0.005564280500099463
0.6666666666666666,2217.45482691766,0.005447873881359368
0.6666666666666666,2218.183951178162,0.005333902528218535
0.6666666666666666,2219.1550819183685,0.005222315494101893
0.6666666666666666,2220.1262126585752,0.005113062898253879
0.6666666666666666,2220.7492341219718,0.005006095903441064
0.6666666666666666,2220.790716746719,0.0049013666941214095
0.6666666666666666,2220.832199371467,0.004798828455070054
0.6666666666666666,2220.8736819962146,0.0046984353504524005
0.6666666666666666,2220.915164620963,0.004600142503334917
0.6666666666666666,2220.9566472457104,0.004503905975624603
0.6666666666666666,2220.998129870458,0.004409682748428131
0.6666666666666666,2221.0396124952063,0.0043174307028218985
0.6666666666666666,2221.0810951199537,0.004227108601024337
0.6666666666666666,2221.1225777447016,0.004138676067962134
0.6666666666666666,2221.1640603694495,0.004052093573222085
0.6666666666666666,2221.205542994197,0.003967322413380525
0.6666666666666666,2221.247025618945,0.003884324694702402
0.6666666666666666,2221.2885082436924,0.0038030633162023687
0.6666666666666666,2221.416902781629,0.003723501953060145
0.6666666666666666,2222.168396153971,0.0036456050403829133
0.6666666666666666,2223.167372267556,0.0035693377573073714
0.6666666666666666,2223.372287145242,0.0035538917511347343
0.6666666666666666,2224.1663483811403,0.003494666011434374
0.6666666666666666,2225.1653244947247,0.0034215564235892397
0.6666666666666666,2225.488339990864,0.0033499763129008304
0.6666666666666666,2225.521738637361,0.0032798936821928307
0.6666666666666666,2225.555137283858,0.003211277203680609
0.6666666666666666,2225.588535930355,0.003144096204967312
0.6666666666666666,2225.6219345768527,0.0030783206553329527
0.6666666666666666,2225.6553332233498,0.003013921152310289
0.6666666666666666,2225.6887318698464,0.002950868908541593
0.6666666666666666,2225.722130516344,0.002889135738910324
0.6666666666666666,2225.7555291628405,0.002828694047942066
0.6666666666666666,2225.788927809338,0.002769516817469004
0.6666666666666666,2225.8223264558346,0.002711577594552468
0.6666666666666666,2225.855725102332,0.0026548504796581715
0.6666666666666666,2225.889123748829,0.0025993101150787795
0.6666666666666666,2226.269011135638,0.0025449316735987287
0.6666666666666666,2227.258389942299,0.002491690847396149
0.6666666666666666,2228.277856568741,0.002439563837176979
0.6666666666666666,2229.2973231951833,0.0023885273415363848
0.6666666666666666,2230.316789821625,0.0023385585465427556
0.6666666666666666,2230.3839732888146,0.002332863109610157
0.6666666666666666,2230.9180524665967,0.0022896351155396073
0.6666666666666666,2230.9451844850123,0.002241735179160809
0.6666666666666666,2230.9723165034275,0.002194837325554729
0.6666666666666666,2230.9994485218426,0.00214892059081287
0.6666666666666666,2231.026580540258,0.0021039644495987413
0.6666666666666666,2231.053712558673,0.0020599488059728018
0.6666666666666666,2231.080844577088,0.0020168539844093126
0.6666666666666666,2231.1079765955037,0.001974660721001156
0.6666666666666666,2231.135108613919,0.0019333501548486206
0.6666666666666666,2231.162240632334,0.0018929038196283628
0.6666666666666666,2231.189372650749,0.001853303635338732
0.6666666666666666,2231.2269102196424,0.001814531900217785
0.6666666666666666,2231.470325713116,0.0017765712828303967
0.6666666666666666,2232.5054254822107,0.0017394048143208845
0.6666666666666666,2233.5405252513056,0.0017030158808277371
0.6666666666666666,2234.5756250204004,0.001667388216057011
0.6666666666666666,2235.610724789495,0.0016325058940110941
0.6666666666666666,2236.64582455859,0.0015983533218696122
0.6666666666666666,2237.2512923460654,0.0015649152330192181
0.6666666666666666,2237.2734819644534,0.0015321766802292628
0.6666666666666666,2237.295671582842,0.0015001230289701784
0.6666666666666666,2237.3178612012302,0.001468739950871681
0.6666666666666666,2237.3400508196187,0.0014380134173178098
0.6666666666666666,2237.362240438007,0.001407929693175962
0.6666666666666666,2237.3844300563956,0.001378475330657131
0.6666666666666666,2237.395659432387,0.0013638051628484383
0.6666666666666666,2237.406619674784,0.0013496371633045766
0.6666666666666666,2237.428809293172,0.0013214023001082566
0.6666666666666666,2237.450998911561,0.0012937581197423982
0.6666666666666666,2237.4778516880374,0.001266692264923601
0.6666666666666666,2237.9963893381337,0.001240192636886994
0.6666666666666666,2239.043709777423,0.0012142473899779277
0.6666666666666666,2240.091030216712,0.0011888449263568403
0.6666666666666666,2241.1383506560014,0.001163973890814861
0.6666666666666666,2242.18567109529,0.001139623165697914
0.6666666666666666,2243.232991534579,0.0011157818659369846
0.6666666666666666,2244.2803119738683,0.0010924393341823551
0.6666666666666666,2244.40734557596,0.0010850173719497008
0.6666666666666666,2244.6851158805007,0.0010695851360396527
0.6666666666666666,2244.703357739905,0.0010472090554055412
0.6666666666666666,2244.7215995993097,0.0010253010899010004
0.6666666666666666,2244.739841458714,0.0010038514464001435
0.6666666666666666,2244.7580833181187,0.000982850536652567
0.6666666666666666,2244.776325177523,0.0009622889729972897
0.6666666666666666,2244.7945670369277,0.0009421575641663562
0.6666666666666666,2244.812808896332,0.0009224473111762259
0.6666666666666666,2244.831050755737,0.0009031494033051199
0.6666666666666666,2244.937003705066,0.0008842552141545192
0.6666666666666666,2245.9939595775413,0.0008657562977930622
0.6666666666666666,2247.050915450017,0.0008476443849811126
0.6666666666666666,2248.107871322492,0.0008299113794743063
0.6666666666666666,2249.1648271949675,0.000812549354404435
0.6666666666666666,2250.2217830674426,0.0007955505487360335
0.6666666666666666,2251.278738939918,0.0007789073637971122
0.6666666666666666,2251.4190317195325,0.0007767246007273729
0.6666666666666666,2252.3356948123933,0.000762612359882453
0.6666666666666666,2253.3630022719058,0.0007466582529279718
0.6666666666666666,2253.4479678546613,0.0007310379112546543
0.6666666666666666,2253.4630257922336,0.0007157443523806101
0.6666666666666666,2253.478083729806,0.0007007707398998128
0.6666666666666666,2253.493141667378,0.0006861103804261534
0.6666666666666666,2253.5081996049503,0.0006717567206014093
0.6666666666666666,2253.5232575425225,0.0006577033441658132
0.6666666666666666,2253.5383154800948,0.0006439439690899121
0.6666666666666666,2253.7509725831574,0.0006304724447664181
0.6666666666666666,2254.6172116964663,0.000617282749260818
0.6666666666666666,2255.6819372956925,0.000604368986619493
0.6666666666666666,2256.746662894919,0.0005917253842341546
0.6666666666666666,2257.811388494146,0.0005793462902614208
0.6666666666666666,2258.430717863105,0.0005722651039878005
0.6666666666666666,2258.876114093372,0.0005672261710963744
0.6666666666666666,2259.9408396925987,0.0005553596088989728
0.6666666666666666,2261.0055652918254,0.000543741299172209
0.6666666666666666,2262.070290891052,0.0005323660483909356
0.6666666666666666,2263.1350164902783,0.0005212287716802978
0.6666666666666666,2263.7968355721728,0.000510324490542732
0.6666666666666666,2263.8093057362084,0.0004996483306325197
0.6666666666666666,2263.821775900244,0.0004891955195768905
0.6666666666666666,2263.8342460642803,0.00047896138484271794
0.6666666666666666,2263.846716228316,0.000468941351647839
0.6666666666666666,2263.859186392352,0.0004591309409160721
0.6666666666666666,2264.2072964130152,0.00044952576727501684
0.6666666666666666,2265.1892848340835,0.00044012153709573423
0.6666666666666666,2265.442404006678,0.00043792765526952675
0.6666666666666666,2266.260190745294,0.0004309140465734481
0.6666666666666666,2267.331096656504,0.00042189917984839165
0.6666666666666666,2268.4020025677146,0.000413072907165968
0.6666666666666666,2269.4729084789246,0.0004044312830754015
0.6666666666666666,2270.5438143901347,0.00039597044466607224
0.6666666666666666,2271.614720301345,0.0003876866098407493
0.6666666666666666,2272.4540901502505,0.00038131512010445185
0.6666666666666666,2272.6856262125552,0.0003795760756249481
0.6666666666666666,2273.7565321237657,0.0003716352165116549
0.6666666666666666,2274.827438034976,0.0003638604828406817
0.6666666666666666,2275.8983439461863,0.0003562483992119245
0.6666666666666666,2276.0723934746984,0.0003487955629318178
0.6666666666666666,2276.082747505079,0.00034149864249229014
0.6666666666666666,2276.09310153546,0.0003343543760815387
0.6666666666666666,2276.2228491257947,0.0003273595701259604
0.6666666666666666,2276.9700340510853,0.0003205110978625849
0.6666666666666666,2278.0460699276755,0.0003138058979413746
0.6666666666666666,2279.122105804265,0.0003072409730567643
0.6666666666666666,2279.465776293823,0.0003051733055269284
0.6666666666666666,2280.198141680855,0.00030081338860782873
0.6666666666666666,2281.274177557444,0.00029452027138648093
0.6666666666666666,2282.350213434034,0.0002883588082931123
0.6666666666666666,2283.4262493106235,0.0002823262450791039
0.6666666666666666,2284.502285187213,0.0002764198851156444
0.6666666666666666,2285.578321063803,0.00027063708818830383
0.6666666666666666,2286.477462437396,0.0002658978395451791
0.6666666666666666,2286.6543569403925,0.0002649752693168249
0.6666666666666666,2287.730392816982,0.00025943189759960745
0.6666666666666666,2288.806428693572,0.0002540044950823625
0.6666666666666666,2289.8824645701616,0.00024869063565043873
0.6666666666666666,2290.628058903174,0.0002434879439443193
0.6666666666666666,2290.691963152654,0.00023839409429780536
0.6666666666666666,2291.4309169237085,0.0002334068096984187
0.6666666666666666,2292.5110568965038,0.0002285238607695462
0.6666666666666666,2293.4891485809685,0.00022419042836816438
0.6666666666666666,2293.6090616585298,0.0002237430647738843
0.6666666666666666,2294.8782932199197,0.00021906228463772727
0.6666666666666666,2296.14752478131,0.00021447942799566867
0.6666666666666666,2297.4167563427,0.00020999244625529107
0.6666666666666666,2298.6859879040903,0.00020559933368141875
0.6666666666666666,2299.95521946548,0.00020129812649953015
0.6666666666666666,2300.500834724541,0.00019947689621793575
0.6666666666666666,2300.928497407842,0.00020129812649953015
0.6666666666666666,2301.923343072915,0.00020559933368141875
0.6666666666666666,2302.9181887379877,0.00020999244625529107
0.6666666666666666,2303.913034403061,0.00021447942799566867
0.6666666666666666,2304.907880068133,0.00021906228463772684
0.6666666666666666,2305.9027257332064,0.0002237430647738843
0.6666666666666666,2306.897571398279,0.0002285238607695462
0.6666666666666666,2307.512520868114,0.00023152999085142298
0.6666666666666666,2307.892417063352,0.00023340680969841825
0.6666666666666666,2308.887262728425,0.00023839409429780536
0.6666666666666666,2309.4259099009078,0.00024348794394431878
0.6666666666666666,2309.5369520207782,0.000248690635650439
0.6666666666666666,2310.3084773048363,0.0002540044950823625
0.6666666666666666,2311.2994292637204,0.00025943189759960745
0.6666666666666666,2312.290381222605,0.0002649752693168249
0.6666666666666666,2313.2813331814887,0.00027063708818830383
0.6666666666666666,2314.272285140373,0.0002764198851156444
0.6666666666666666,2314.5242070116865,0.0002779095952203928
0.6666666666666666,2315.263237099257,0.0002823262450791039
0.6666666666666666,2316.2541890581415,0.0002883588082931123
0.6666666666666666,2317.2451410170256,0.0002945202713864806
0.6666666666666666,2318.2360929759097,0.00030081338860782873
0.6666666666666666,2319.2270449347934,0.0003072409730567643
0.6666666666666666,2320.2179968936775,0.0003138058979413746
0.6666666666666666,2321.208948852562,0.0003205110978625849
0.6666666666666666,2321.535893155259,0.0003227546252879731
0.6666666666666666,2322.1999008114462,0.0003273595701259604
0.6666666666666666,2323.19085277033,0.0003343543760815387
0.6666666666666666,2324.064324226176,0.00034149864249229014
0.6666666666666666,2324.0925338062466,0.0003487955629318174
0.6666666666666666,2324.1207433863174,0.0003562483992119245
0.6666666666666666,2324.1489529663877,0.00036386048284068207
0.6666666666666666,2324.3905565110326,0.0003716352165116549
0.6666666666666666,2325.1503244886926,0.0003795760756249481
0.6666666666666666,2326.1363852116438,0.0003876866098407493
0.6666666666666666,2327.1224459345945,0.00039597044466607224
0.6666666666666666,2328.108506657545,0.0004044312830754015
0.6666666666666666,2328.547579298832,0.0004082566657723878
0.6666666666666666,2329.094567380496,0.000413072907165968
0.6666666666666666,2330.080628103447,0.00042189917984839165
0.6666666666666666,2331.066688826398,0.0004309140465734481
0.6666666666666666,2332.052749549349,0.0004401215370957338
0.6666666666666666,2333.0388102722995,0.00044952576727501684
0.6666666666666666,2334.0248709952507,0.0004591309409160725
0.6666666666666666,2335.0109317182014,0.000468941351647839
0.6666666666666666,2335.559265442404,0.00047448718561566666
0.6666666666666666,2335.9969924411516,0.00047896138484271794
0.6666666666666666,2336.455401204278,0.0004891955195768905
0.6666666666666666,2336.4895982080902,0.0004996483306325197
0.6666666666666666,2336.5237952119023,0.0005103244905427326
0.6666666666666666,2336.5579922157144,0.0005212287716802978
0.6666666666666666,2336.592189219527,0.0005323660483909356
0.6666666666666666,2336.6263862233386,0.000543741299172209
0.6666666666666666,2336.9844989834532,0.0005553596088989728
0.6666666666666666,2337.859163070003,0.000567226171096375
0.6666666666666666,2338.8393627568094,0.0005793462902614208
0.6666666666666666,2339.8195624436157,0.0005917253842341546
0.6666666666666666,2340.7997621304216,0.000604368986619493
0.6666666666666666,2341.7799618172276,0.000617282749260818
0.6666666666666666,2342.570951585976,0.0006279046453339685
0.6666666666666666,2342.7601615040335,0.0006304724447664175
0.6666666666666666,2343.7403611908394,0.0006439439690899121
0.6666666666666666,2344.7205608776453,0.0006577033441658138
0.6666666666666666,2345.7007605644517,0.0006717567206014093
0.6666666666666666,2346.6809602512576,0.0006861103804261534
0.6666666666666666,2346.9558973497465,0.0007007707398998128
0.6666666666666666,2346.9975253245566,0.0007157443523806101
0.6666666666666666,2347.0391532993667,0.0007310379112546551
0.6666666666666666,2347.080781274177,0.0007466582529279718
0.6666666666666666,2347.122409248987,0.000762612359882453
0.6666666666666666,2347.164037223797,0.0007789073637971122
0.6666666666666666,2347.205665198607,0.0007955505487360335
0.6666666666666666,2347.2962139859274,0.0008125493544044334
0.6666666666666666,2347.7648886803613,0.0008299113794743063
0.6666666666666666,2348.7377795768325,0.0008476443849811126
0.6666666666666666,2349.5826377295493,0.0008633508269718457
0.6666666666666666,2349.710670473303,0.0008657562977930631
0.6666666666666666,2350.6835613697735,0.0008842552141545192
0.6666666666666666,2351.6564522662443,0.0009031494033051199
0.6666666666666666,2352.6293431627155,0.0009224473111762259
0.6666666666666666,2353.602234059186,0.0009421575641663562
0.6666666666666666,2354.575124955657,0.0009622889729972897
0.6666666666666666,2355.5480158521277,0.000982850536652567
0.6666666666666666,2355.88280348374,0.0010038514464001435
0.6666666666666666,2355.9337468455724,0.0010253010899010004
0.6666666666666666,2355.984690207404,0.0010472090554055412
0.6666666666666666,2356.035633569236,0.0010695851360396527
0.6666666666666666,2356.086576931068,0.001092439334182354
0.6666666666666666,2356.1375202929,0.0011157818659369846
0.6666666666666666,2356.188463654732,0.001139623165697914
0.6666666666666666,2356.2394070165637,0.001163973890814861
0.6666666666666666,2356.290350378396,0.0011888449263568403
0.6666666666666666,2356.3642497995343,0.0012142473899779288
0.6666666666666666,2356.594323873122,0.0012224959692428451
0.6666666666666666,2357.080238622484,0.001240192636886994
0.6666666666666666,2358.0275697022566,0.001266692264923601
0.6666666666666666,2358.9914485654244,0.0012937581197423982
0.6666666666666666,2359.955327428592,0.0013214023001082566
0.6666666666666666,2360.91920629176,0.0013496371633045766
0.6666666666666666,2361.883085154928,0.0013784753306571322
0.6666666666666666,2362.846964018095,0.001407929693175962
0.6666666666666666,2363.508724286403,0.0014380134173178098
0.6666666666666666,2363.571495842132,0.0014687399508716825
0.6666666666666666,2363.606010016694,0.0014859134109730015
0.6666666666666666,2363.6342673978615,0.0015001230289701784
0.6666666666666666,2363.6970389535904,0.0015321766802292643
0.6666666666666666,2363.75981050932,0.0015649152330192181
0.6666666666666666,2363.822582065049,0.0015983533218696122
0.6666666666666666,2363.8853536207785,0.0016325058940110959
0.6666666666666666,2363.948125176508,0.001667388216057011
0.6666666666666666,2364.010896732237,0.0017030158808277354
0.6666666666666666,2364.073668287966,0.0017394048143208845
0.6666666666666666,2364.136439843696,0.0017765712828303967
0.6666666666666666,2364.1992113994247,0.001814531900217785
0.6666666666666666,2364.9893753740175,0.001853303635338732
0.6666666666666666,2365.9222196683004,0.0018929038196283628
0.6666666666666666,2366.8747721846657,0.0019333501548486206
0.6666666666666666,2367.82732470103,0.001974660721001156
0.6666666666666666,2368.7798772173956,0.0020168539844093126
0.6666666666666666,2369.732429733761,0.0020599488059728018
0.6666666666666666,2370.1421452846484,0.0021039644495987413
0.6666666666666666,2370.2201955928426,0.00214892059081287
0.6666666666666666,2370.298245901037,0.002194837325554729
0.6666666666666666,2370.376296209231,0.002241735179160809
0.6666666666666666,2370.4543465174247,0.0022896351155396073
0.6666666666666666,2370.532396825619,0.0023385585465427556
0.6666666666666666,2370.610447133813,0.0023885273415363848
0.6666666666666666,2370.6176961602673,0.0023932221004894067
0.6666666666666666,2370.6884974420072,0.002439563837176979
0.6666666666666666,2370.7665477502014,0.0024916908473961515
0.6666666666666666,2370.8445980583956,0.002544931673598726
0.6666666666666666,2370.9226483665893,0.0025993101150787795
0.6666666666666666,2371.0006986747835,0.0026548504796581715
0.6666666666666666,2371.0787489829772,0.0027115775945524712
0.6666666666666666,2371.684274514724,0.002769516817469004
0.6666666666666666,2372.568297200961,0.002828694047942066
0.6666666666666666,2373.5064464396582,0.002889135738910324
0.6666666666666666,2374.4445956783557,0.002950868908541593
0.6666666666666666,2375.3827449170535,0.003013921152310289
0.6666666666666666,2375.940536266332,0.0030783206553329527
0.6666666666666666,2376.038785688522,0.003144096204967312
0.6666666666666666,2376.1370351107116,0.003211277203680609
0.6666666666666666,2376.2352845329015,0.0032798936821928307
0.6666666666666666,2376.3335339550913,0.0033499763129008304
0.6666666666666666,2376.431783377281,0.003421556423589243
0.6666666666666666,2376.530032799471,0.003494666011434374
0.6666666666666666,2376.628282221661,0.0035693377573073714
0.6666666666666666,2376.726531643851,0.0036456050403829167
0.6666666666666666,2376.824781066041,0.003723501953060145
0.6666666666666666,2376.923030488231,0.0038030633162023687
0.6666666666666666,2377.0212799104206,0.003884324694702402
0.6666666666666666,2377.1195293326105,0.003967322413380525
0.6666666666666666,2377.2177787548003,0.004052093573222088
0.6666666666666666,2377.348544227069,0.004138676067962143
0.6666666666666666,2377.6293823038395,0.004171967792245636
0.6666666666666666,2378.0945846831696,0.004227108601024337
0.6666666666666666,2378.996049757177,0.0043174307028218985
0.6666666666666666,2379.9155560345666,0.004409682748428131
0.6666666666666666,2380.8350623119563,0.0045039059756245975
0.6666666666666666,2381.210397996739,0.004600142503334917
0.6666666666666666,2381.3362439558673,0.0046984353504524005
0.6666666666666666,2381.462089914996,0.004798828455070054
0.6666666666666666,2381.587935874124,0.0049013666941214095
0.6666666666666666,2381.713781833252,0.005006095903441064
0.6666666666666666,2381.8396277923803,0.005113062898253874
0.6666666666666666,2381.9654737515084,0.005222315494101893
0.6666666666666666,2382.091319710637,0.005333902528218535
0.6666666666666666,2382.2171656697647,0.005447873881359368
0.6666666666666666,2382.343011628893,0.005564280500099463
0.6666666666666666,2382.4688575880214,0.005683174419607086
0.6666666666666666,2382.5947035471495,0.005804608786904068
0.6666666666666666,2382.7205495062776,0.005928637884623185
0.6666666666666666,2382.846395465406,0.00605531715527311
0.6666666666666666,2382.9722414245343,0.0061847032260219335
0.6666666666666666,2383.133198419312,0.006316853934010153
0.6666666666666666,2383.4214941178,0.006451828352204591
0.6666666666666666,2384.3161115435933,0.006589686815804745
0.6666666666666666,2384.641068447412,0.00664048795153791
0.6666666666666666,2385.2107289693868,0.0067304909492133125
0.6666666666666666,2386.0513239582015,0.006874303693583092
0.6666666666666666,2386.2168274674873,0.007021189334952389
0.6666666666666666,2386.382330976774,0.00717121353298171
0.6666666666666666,2386.54783448606,0.007324443350304374
0.6666666666666666,2386.713337995346,0.007480947282504346
0.6666666666666666,2386.8788415046324,0.0076407952887346114
0.6666666666666666,2387.0443450139182,0.007804058822989715
0.6666666666666666,2387.209848523205,0.007970810866046622
0.6666666666666666,2387.375352032491,0.008141125958087955
0.6666666666666666,2387.540855541777,0.00831508023202238
0.6666666666666666,2387.7063590510634,0.008492751447516957
0.6666666666666666,2387.8718625603497,0.008674219025756639
0.6666666666666666,2388.037366069636,0.008859564084946477
0.6666666666666666,2388.202869578922,0.00904886947657247
0.6666666666666666,2388.3683730882085,0.009242219822437198
0.6666666666666666,2388.5338765974943,0.009439701552486746
0.6666666666666666,2388.6993801067806,0.009641402943445959
0.6666666666666666,2388.864883616067,0.00984741415827924
0.6666666666666666,2389.0795223330592,0.010057827286494413
0.6666666666666666,2389.4914123041112,0.010272736385307936
0.6666666666666666,2390.2914012718497,0.01049223752168953
0.6666666666666666,2391.1602401084865,0.010716428815305356
0.6666666666666666,2391.652754590985,0.010876141486790981
0.6666666666666666,2391.8475128001296,0.010945410482378624
0.6666666666666666,2392.060300556727,0.011179284880487512
0.6666666666666666,2392.2730883133245,0.011418156554320224
0.6666666666666666,2392.4858760699217,0.011662132282407707
0.6666666666666666,2392.698663826519,0.011911321124854993
0.6666666666666666,2392.9114515831166,0.012165834472092374
0.6666666666666666,2393.1242393397138,0.012425786094668203
0.6666666666666666,2393.3370270963114,0.012691292194105861
0.6666666666666666,2393.5498148529086,0.012962471454847064
0.6666666666666666,2393.7626026095063,0.013239445097305402
0.6666666666666666,2393.975390366104,0.01352233693205321
0.6666666666666666,2394.188178122701,0.013811273415166473
0.6666666666666666,2394.400965879299,0.01410638370475221
0.6666666666666666,2394.613753635896,0.014407799718683634
0.6666666666666666,2394.8265413924937,0.014715656193569201
0.6666666666666666,2395.039329149091,0.01503009074498132
0.6666666666666666,2395.252116905688,0.01535124392897234
0.6666666666666666,2395.4649046622862,0.015679259304904682
0.6666666666666666,2395.6776924188835,0.01601428349962367
0.6666666666666666,2395.8904801754807,0.016356466273001552
0.6666666666666666,2396.1032679320783,0.016705960584881867
0.6666666666666666,2396.316055688676,0.017062922663454463
0.6666666666666666,2396.726594266771,0.017427512075091273
0.6666666666666666,2397.0144827231493,0.017799891795674552
0.6666666666666666,2397.2828090873427,0.018180228283448938
0.6666666666666666,2397.590433851535,0.01856869155343036
0.6666666666666666,2397.8535377304497,0.01896545525340486
0.6666666666666666,2398.1645099443267,0.019370696741551136
0.6666666666666666,2398.4339311234153,0.01978459716572195
0.6666666666666666,2398.6644407345575,0.020134588819537988
0.6666666666666666,2398.888358601159,0.02020734154441926
0.6666666666666666,2400.219977321647,0.02063911884949979
0.6666666666666666,2401.6699920924966,0.021080122090647833
0.6666666666666666,2403.045240131208,0.021530548401652718
0.6666666666666666,2404.476654335745,0.02199059912853022
0.6666666666666666,2405.67612687813,0.022378552028104425
0.6666666666666666,2408.113013815336,0.02246047991952647
0.6666666666666666,2412.687813021703,0.022607788527108534
0.6666666666666666,2419.6994991652755,0.022816612885417784
0.6666666666666666,2424.3511352049727,0.022940400817045393
0.6666666666666666,2426.711185308848,0.022999796099958076
0.6666666666666666,2433.722871452421,0.023195818113948163
0.6666666666666666,2438.1204770142376,0.02343057635154004
0.6666666666666666,2440.7345575959935,0.023579691529789927
0.6666666666666666,2446.8323181764167,0.023931225637410385
0.6666666666666666,2447.746243739566,0.023984362888706513
0.6666666666666666,2454.7579298831392,0.024395979160728574
0.6666666666666666,2455.544159338595,0.02444257247095017
0.6666666666666666,2461.7696160267114,0.024814659533480735
0.6666666666666666,2464.2560005007726,0.0249648454303864
0.6666666666666666,2468.781302170284,0.02524052524006896
0.6666666666666666,2472.9678416629517,0.025498277978056767
0.6666666666666666,2475.7929883138568,0.025673699594184814
0.6666666666666666,2481.67968282513,0.02604310856476998
0.6666666666666666,2482.8046744574294,0.026114308025812112
0.6666666666666666,2489.816360601002,0.02656247811754641
0.6666666666666666,2490.3915239873077,0.026599580736396223
0.6666666666666666,2496.8280467445743,0.0270183396415379
0.6666666666666666,2499.429281761978,0.027167943242735196
0.6666666666666666,2503.839732888147,0.027423494825997183
0.6666666666666666,2510.1337725855033,0.027748450148710108
0.6666666666666666,2510.8514190317196,0.02778574525612215
0.6666666666666666,2517.8631051752923,0.028152780830334546
0.6666666666666666,2521.4301880117728,0.028341360947937978
0.6666666666666666,2524.874791318865,0.028524664757956092
0.6666666666666666,2531.8864774624376,0.02890146108327145
0.6666666666666666,2532.5977296918427,0.02894694067872621
0.6666666666666666,2538.89816360601,0.029498717714829013
0.6666666666666666,2539.319252422375,0.029565460042548165
0.6666666666666666,2543.2585418984936,0.03019719552504976
0.6666666666666666,2545.9098497495825,0.030629962407860055
0.6666666666666666,2547.197831374612,0.030842429519642032
0.6666666666666666,2551.137120850731,0.03150145045373446
0.6666666666666666,2552.921535893155,0.03180458914101502
0.6666666666666666,2555.07641032685,0.03217455291766534
0.6666666666666666,2559.0156998029684,0.032862037796387446
0.6666666666666666,2559.933222036728,0.033024261569749795
0.6666666666666666,2562.9549892790874,0.03356421240396704
0.6666666666666666,2566.894278755206,0.03428139062095709
0.6666666666666666,2566.9449081803004,0.034290707148951
0.6666666666666666,2570.8335682313254,0.035013893034705756
0.6666666666666666,2573.956594323873,0.035605719579577075
0.6666666666666666,2574.7728577074436,0.035762047082662576
0.6666666666666666,2578.712147183562,0.03652618719874729
0.6666666666666666,2580.9682804674458,0.036971161349125606
0.6666666666666666,2582.651436659681,0.03730665496284552
0.6666666666666666,2586.5907261357997,0.03810379925349944
0.6666666666666666,2587.9799666110184,0.03838896636952378
0.6666666666666666,2590.530015611919,0.038917976403860424
0.6666666666666666,2594.616364516388,0.03974955036097441
0.6666666666666666,2594.991652754591,0.03980456122463439
0.6666666666666666,2595.0980841217297,0.03974955036097441
0.6666666666666666,2596.146024248715,0.038917976403860424
0.6666666666666666,2597.165247312563,0.03810379925349944
0.6666666666666666,2598.184470376411,0.03730665496284552
0.6666666666666666,2599.2036934402595,0.03652618719874729
0.6666666666666666,2600.2229165041076,0.035762047082662576
0.6666666666666666,2601.2421395679557,0.035013893034705756
0.6666666666666666,2602.0033388981637,0.03446536746248455
0.6666666666666666,2602.06556079352,0.03428139062095709
0.6666666666666666,2602.311344349662,0.03356421240396704
0.6666666666666666,2602.557127905804,0.032862037796387446
0.6666666666666666,2602.802911461946,0.03217455291766534
0.6666666666666666,2603.0486950180884,0.03150145045373446
0.6666666666666666,2603.29447857423,0.030842429519642032
0.6666666666666666,2603.540262130373,0.03019719552504976
0.6666666666666666,2603.7860456865146,0.029565460042548165
0.6666666666666666,2604.031829242657,0.02894694067872621
0.6666666666666666,2604.277612798799,0.028341360947937978
0.6666666666666666,2604.5233963549413,0.027748450148710108
0.6666666666666666,2604.7691799110835,0.027167943242735196
0.6666666666666666,2605.0149634672257,0.026599580736396223
0.6666666666666666,2605.260747023368,0.02604310856476998
0.6666666666666666,2605.5065305795097,0.025498277978056767
0.6666666666666666,2605.7523141356523,0.0249648454303864
0.6666666666666666,2605.998097691794,0.02444257247095017
0.6666666666666666,2606.2438812479368,0.023931225637410385
0.6666666666666666,2606.4896648040785,0.02343057635154004
0.6666666666666666,2606.7354483602207,0.022940400817045393
0.6666666666666666,2606.981231916363,0.02246047991952647
0.6666666666666666,2607.227015472505,0.02199059912853022
0.6666666666666666,2607.4727990286474,0.021530548401652718
0.6666666666666666,2607.718582584789,0.02108012209064782
0.6666666666666666,2607.964366140932,0.02063911884949979
0.6666666666666666,2608.210149697074,0.02020734154441926
0.6666666666666666,2608.4559332532162,0.01978459716572195
0.6666666666666666,2608.701716809358,0.019370696741551136
0.6666666666666666,2608.9475003655,0.01896545525340487
0.6666666666666666,2609.0150250417364,0.01885557725661014
0.6666666666666666,2609.192679981704,0.01856869155343036
0.6666666666666666,2609.4269078500447,0.018180228283448938
0.6666666666666666,2609.6648225030376,0.017799891795674552
0.6666666666666666,2610.1705054807376,0.017427512075091273
0.6666666666666666,2610.7057778844737,0.017062922663454463
0.6666666666666666,2611.24105028821,0.016705960584881867
0.6666666666666666,2611.523936347789,0.016356466273001552
0.6666666666666666,2611.8284829680224,0.01601428349962367
0.6666666666666666,2611.9843249168616,0.015679259304904682
0.6666666666666666,2612.122395321703,0.01535124392897234
0.6666666666666666,2612.2604657265438,0.01503009074498132
0.6666666666666666,2612.3985361313844,0.014715656193569201
0.6666666666666666,2612.5366065362255,0.014407799718683634
0.6666666666666666,2612.6746769410665,0.014106383704752203
0.6666666666666666,2612.812747345907,0.013811273415166473
0.6666666666666666,2612.9508177507482,0.013522336932053203
0.6666666666666666,2613.0888881555893,0.013239445097305402
0.6666666666666666,2613.22695856043,0.012962471454847064
0.6666666666666666,2613.365028965271,0.012691292194105861
0.6666666666666666,2613.503099370112,0.012425786094668203
0.6666666666666666,2613.6411697749527,0.012165834472092367
0.6666666666666666,2613.7792401797938,0.011911321124854993
0.6666666666666666,2613.917310584635,0.0116621322824077
0.6666666666666666,2614.055380989476,0.011418156554320224
0.6666666666666666,2614.1934513943165,0.011179284880487512
0.6666666666666666,2614.3315217991576,0.010945410482378636
0.6666666666666666,2614.4695922039987,0.010716428815305356
0.6666666666666666,2614.6076626088393,0.01049223752168953
0.6666666666666666,2614.7457330136804,0.010272736385307936
0.6666666666666666,2614.8838034185214,0.010057827286494413
0.6666666666666666,2615.021873823362,0.00984741415827924
0.6666666666666666,2615.124499397349,0.009641402943445959
0.6666666666666666,2615.2049867893575,0.009439701552486746
0.6666666666666666,2615.285474181365,0.009242219822437198
0.6666666666666666,2615.3659615733727,0.00904886947657247
0.6666666666666666,2615.4464489653806,0.008859564084946477
0.6666666666666666,2615.5269363573884,0.008674219025756639
0.6666666666666666,2615.6074237493963,0.008492751447516966
0.6666666666666666,2615.6879111414046,0.00831508023202238
0.6666666666666666,2615.768398533412,0.008141125958087955
0.6666666666666666,2615.84888592542,0.007970810866046622
0.6666666666666666,2615.929373317428,0.007804058822989715
0.6666666666666666,2616.0098607094355,0.007640795288734619
0.6666666666666666,2616.026711185309,0.007607049961677505
0.6666666666666666,2616.090348101444,0.007480947282504346
0.6666666666666666,2616.1708354934517,0.007324443350304374
0.6666666666666666,2616.2513228854596,0.00717121353298171
0.6666666666666666,2616.3318102774674,0.007021189334952389
0.6666666666666666,2616.4122976694753,0.006874303693583092
0.6666666666666666,2616.492785061483,0.0067304909492133125
0.6666666666666666,2616.616309345936,0.006589686815804745
0.6666666666666666,2616.979897414064,0.006451828352204591
0.6666666666666666,2617.7712553931697,0.006316853934010153
0.6666666666666666,2618.562613372276,0.0061847032260219335
0.6666666666666666,2619.353971351382,0.00605531715527311
0.6666666666666666,2619.900866030209,0.005928637884623185
0.6666666666666666,2619.9602323388995,0.005804608786904068
0.6666666666666666,2620.0195986475906,0.005683174419607086
0.6666666666666666,2620.0789649562817,0.005564280500099457
0.6666666666666666,2620.1383312649723,0.005447873881359368
0.6666666666666666,2620.1976975736634,0.005333902528218535
0.6666666666666666,2620.257063882354,0.005222315494101893
0.6666666666666666,2620.316430191045,0.005113062898253874
0.6666666666666666,2620.375796499736,0.005006095903441064
0.6666666666666666,2620.435162808427,0.0049013666941214095
0.6666666666666666,2620.494529117118,0.004798828455070054
0.6666666666666666,2620.5538954258086,0.0046984353504524005
0.6666666666666666,2620.6132617344997,0.004600142503334917
0.6666666666666666,2620.6726280431903,0.0045039059756245975
0.6666666666666666,2620.7319943518814,0.004409682748428131
0.6666666666666666,2620.7913606605725,0.0043174307028218985
0.6666666666666666,2620.9426618282914,0.004227108601024337
0.6666666666666666,2621.57204969382,0.0041386760679621385
0.6666666666666666,2622.4350921707496,0.004052093573222085
0.6666666666666666,2623.0383973288817,0.0039936241253578884
0.6666666666666666,2623.312672238723,0.003967322413380525
0.6666666666666666,2624.190252306696,0.003884324694702402
0.6666666666666666,2624.9319280160307,0.0038030633162023687
0.6666666666666666,2624.9810480156025,0.003723501953060145
0.6666666666666666,2625.026648838285,0.0036456050403829133
0.6666666666666666,2625.072249660967,0.0035693377573073714
0.6666666666666666,2625.1178504836494,0.003494666011434374
0.6666666666666666,2625.163451306332,0.0034215564235892397
0.6666666666666666,2625.209052129014,0.0033499763129008304
0.6666666666666666,2625.2546529516962,0.0032798936821928307
0.6666666666666666,2625.3002537743787,0.003211277203680609
0.6666666666666666,2625.3458545970607,0.003144096204967312
0.6666666666666666,2625.391455419743,0.0030783206553329527
0.6666666666666666,2625.4370562424256,0.003013921152310289
0.6666666666666666,2625.4826570651076,0.002950868908541593
0.6666666666666666,2625.5282578877905,0.002889135738910324
0.6666666666666666,2625.636115572478,0.002828694047942066
0.6666666666666666,2626.0564640108832,0.002769516817469004
0.6666666666666666,2626.9869896612163,0.0027115775945524712
0.6666666666666666,2627.9175153115502,0.0026548504796581715
0.6666666666666666,2628.8480409618837,0.0025993101150787795
0.6666666666666666,2629.7785666122168,0.002544931673598726
0.6666666666666666,2630.0500834724544,0.0025259328884185044
0.6666666666666666,2630.556521502568,0.0024916908473961515
0.6666666666666666,2630.5979744995348,0.0024395638371769762
0.6666666666666666,2630.633843039985,0.0023885273415363848
0.6666666666666666,2630.6697115804345,0.0023385585465427556
0.6666666666666666,2630.705580120884,0.0022896351155396073
0.6666666666666666,2630.7414486613334,0.002241735179160809
0.6666666666666666,2630.7773172017833,0.002194837325554729
0.6666666666666666,2630.813185742233,0.00214892059081287
0.6666666666666666,2630.849054282683,0.0021039644495987413
0.6666666666666666,2630.8849228231325,0.0020599488059728018
0.6666666666666666,2630.920791363582,0.0020168539844093126
0.6666666666666666,2630.9566599040318,0.001974660721001156
0.6666666666666666,2630.994824936838,0.0019333501548486206
0.6666666666666666,2631.1596342691837,0.0018929038196283628
0.6666666666666666,2632.0972187007446,0.001853303635338732
0.6666666666666666,2633.063904091485,0.001814531900217785
0.6666666666666666,2634.030589482225,0.0017765712828303967
0.6666666666666666,2634.997274872965,0.0017394048143208845
0.6666666666666666,2635.9639602637053,0.0017030158808277371
0.6666666666666666,2636.927021200901,0.001667388216057011
0.6666666666666666,2637.0373571270043,0.0016325058940110959
0.6666666666666666,2637.061769616027,0.0016033683772694427
0.6666666666666666,2637.0660161239275,0.0015983533218696122
0.6666666666666666,2637.0946751208503,0.0015649152330192181
0.6666666666666666,2637.1233341177735,0.0015321766802292628
0.6666666666666666,2637.151993114697,0.0015001230289701784
0.6666666666666666,2637.18065211162,0.001468739950871681
0.6666666666666666,2637.2093111085433,0.0014380134173178098
0.6666666666666666,2637.2379701054665,0.001407929693175962
0.6666666666666666,2637.2666291023893,0.0013784753306571322
0.6666666666666666,2637.2952880993125,0.0013496371633045766
0.6666666666666666,2637.33583426125,0.0013214023001082566
0.6666666666666666,2637.7370677346207,0.0012937581197423982
0.6666666666666666,2638.729753470001,0.001266692264923601
0.6666666666666666,2639.722439205381,0.001240192636886994
0.6666666666666666,2640.7151249407607,0.0012142473899779288
0.6666666666666666,2641.707810676141,0.0011888449263568403
0.6666666666666666,2642.7004964115213,0.001163973890814861
0.6666666666666666,2643.693182146901,0.001139623165697914
0.6666666666666666,2644.0734557595997,0.0011284238715429011
0.6666666666666666,2644.518616534261,0.0011157818659369835
0.6666666666666666,2644.549188971608,0.001092439334182354
0.6666666666666666,2644.5723401684168,0.0010695851360396527
0.6666666666666666,2644.5954913652254,0.0010472090554055412
0.6666666666666666,2644.618642562034,0.0010253010899010004
0.6666666666666666,2644.641793758842,0.0010038514464001435
0.6666666666666666,2644.664944955651,0.000982850536652567
0.6666666666666666,2644.68809615246,0.0009622889729972897
0.6666666666666666,2644.711247349268,0.0009421575641663562
0.6666666666666666,2644.7425635214504,0.0009224473111762259
0.6666666666666666,2644.9865151109507,0.0009031494033051199
0.6666666666666666,2645.999007361129,0.0008842552141545192
0.6666666666666666,2647.011499611306,0.0008657562977930622
0.6666666666666666,2648.0239918614843,0.0008476443849811126
0.6666666666666666,2649.0364841116616,0.0008299113794743063
0.6666666666666666,2650.0489763618393,0.0008125493544044343
0.6666666666666666,2651.061468612017,0.0007955505487360335
0.6666666666666666,2651.0851419031724,0.0007951573800429878
0.6666666666666666,2652.0739608621943,0.0007789073637971122
0.6666666666666666,2653.086453112372,0.000762612359882453
0.6666666666666666,2653.3549300239074,0.0007466582529279718
0.6666666666666666,2653.3737858228324,0.0007310379112546551
0.6666666666666666,2653.392641621757,0.0007157443523806101
0.6666666666666666,2653.4114974206814,0.0007007707398998128
0.6666666666666666,2653.4303532196063,0.0006861103804261534
0.6666666666666666,2653.449209018531,0.0006717567206014086
0.6666666666666666,2653.4680648174553,0.0006577033441658138
0.6666666666666666,2653.529508339283,0.0006439439690899121
0.6666666666666666,2654.0384528089244,0.0006304724447664181
0.6666666666666666,2655.0658800714737,0.000617282749260818
0.6666666666666666,2656.093307334023,0.0006043689866194936
0.6666666666666666,2657.120734596572,0.0005917253842341546
0.6666666666666666,2658.0968280467446,0.0005799586006408479
0.6666666666666666,2658.1481618591215,0.0005793462902614208
0.6666666666666666,2659.1755891216712,0.0005672261710963744
0.6666666666666666,2660.2030163842205,0.0005553596088989728
0.6666666666666666,2661.23044364677,0.000543741299172209
0.6666666666666666,2662.2578709093195,0.0005323660483909356
0.6666666666666666,2663.285298171869,0.0005212287716802978
0.6666666666666666,2663.7482888194263,0.0005103244905427326
0.6666666666666666,2663.7637402026317,0.0004996483306325197
0.6666666666666666,2663.779191585837,0.0004891955195768905
0.6666666666666666,2663.7946429690423,0.00047896138484271794
0.6666666666666666,2663.810094352248,0.0004689413516478395
0.6666666666666666,2663.8255457354535,0.0004591309409160725
0.6666666666666666,2664.164239186729,0.00044952576727501684
0.6666666666666666,2665.1085141903172,0.0004403673766611115
0.6666666666666666,2665.13596492291,0.0004401215370957338
0.6666666666666666,2666.175280893089,0.0004309140465734481
0.6666666666666666,2667.2145968632694,0.00042189917984839165
0.6666666666666666,2668.253912833449,0.000413072907165968
0.6666666666666666,2669.293228803628,0.0004044312830754011
0.6666666666666666,2670.332544773808,0.00039597044466607224
0.6666666666666666,2671.3718607439873,0.0003876866098407493
0.6666666666666666,2672.12020033389,0.00038182951818009945
0.6666666666666666,2672.411176714167,0.0003795760756249481
0.6666666666666666,2673.4504926843465,0.0003716352165116549
0.6666666666666666,2674.4898086545263,0.0003638604828406817
0.6666666666666666,2675.529124624706,0.0003562483992119245
0.6666666666666666,2676.0497444067323,0.0003487955629318178
0.6666666666666666,2676.0624666482436,0.00034149864249229014
0.6666666666666666,2676.075188889755,0.0003343543760815387
0.6666666666666666,2676.0879111312665,0.0003273595701259604
0.6666666666666666,2676.5407483529216,0.0003205110978625849
0.6666666666666666,2677.5424108838088,0.0003138058979413746
0.6666666666666666,2678.591139873941,0.0003072409730567643
0.6666666666666666,2679.1318864774626,0.00030390980796197976
0.6666666666666666,2679.6398688640725,0.00030081338860782873
0.6666666666666666,2680.688597854204,0.0002945202713864812
0.6666666666666666,2681.7373268443357,0.0002883588082931123
0.6666666666666666,2682.7860558344673,0.0002823262450791039
0.6666666666666666,2683.834784824599,0.0002764198851156444
0.6666666666666666,2684.8835138147306,0.00027063708818830383
0.6666666666666666,2685.9322428048617,0.0002649752693168249
0.6666666666666666,2686.1435726210348,0.00026384877346445965
0.6666666666666666,2686.980971794994,0.00025943189759960745
0.6666666666666666,2688.0297007851254,0.0002540044950823625
0.6666666666666666,2689.078429775257,0.00024869063565043873
0.6666666666666666,2690.1271587653882,0.0002434879439443193
0.6666666666666666,2690.6329413241792,0.00023839409429780511
0.6666666666666666,2690.786698924095,0.0002334068096984187
0.6666666666666666,2691.6181091195654,0.00022852386076954595
0.6666666666666666,2692.6744171083587,0.0002237430647738843
0.6666666666666666,2693.155258764608,0.00022160005341181324
0.6666666666666666,2693.7607021662675,0.00021906228463772727
0.6666666666666666,2694.872035124892,0.00021447942799566867
0.6666666666666666,2695.983368083517,0.00020999244625529107
0.6666666666666666,2697.0947010421414,0.00020559933368141875
0.6666666666666666,2698.206034000765,0.00020129812649953037
0.6666666666666666,2699.31736695939,0.00019708690201792716
0.6666666666666666,2700.16694490818,0.0001939270741562191
0.6666666666666666,2700.914968726533,0.00019708690201792735
0.6666666666666666,2701.893458721896,0.00020129812649953015
0.6666666666666666,2702.8719487172584,0.00020559933368141875
0.6666666666666666,2703.8504387126213,0.00020999244625529107
0.6666666666666666,2704.8289287079842,0.00021447942799566867
0.6666666666666666,2705.807418703347,0.00021906228463772705
0.6666666666666666,2706.7859086987096,0.0002237430647738843
0.6666666666666666,2707.1786310517527,0.0002256497293163134
0.6666666666666666,2707.764398694072,0.00022852386076954641
0.6666666666666666,2708.742888689435,0.00023340680969841847
0.6666666666666666,2709.3689154441454,0.00023839409429780536
0.6666666666666666,2709.3906995314906,0.00024348794394431905
0.6666666666666666,2710.0971327031,0.00024869063565043873
0.6666666666666666,2711.066696196723,0.0002540044950823625
0.6666666666666666,2712.036259690346,0.00025943189759960745
0.6666666666666666,2713.0058231839685,0.0002649752693168249
0.6666666666666666,2713.975386677591,0.00027063708818830383
0.6666666666666666,2714.1903171953254,0.00027190847825498207
0.6666666666666666,2714.9449501712143,0.0002764198851156444
0.6666666666666666,2715.9145136648367,0.00028232624507910356
0.6666666666666666,2716.884077158459,0.0002883588082931123
0.6666666666666666,2717.8536406520825,0.00029452027138648093
0.6666666666666666,2718.823204145705,0.00030081338860782873
0.6666666666666666,2719.792767639328,0.0003072409730567643
0.6666666666666666,2720.7623311329507,0.0003138058979413746
0.6666666666666666,2721.202003338898,0.0003168289732945602
0.6666666666666666,2721.7318946265736,0.0003205110978625849
0.6666666666666666,2722.7014581201956,0.00032735957012596005
0.6666666666666666,2723.671021613819,0.0003343543760815387
0.6666666666666666,2723.942748215897,0.00034149864249229014
0.6666666666666666,2723.9584288496026,0.0003487955629318178
0.6666666666666666,2723.9741094833066,0.0003562483992119249
0.6666666666666666,2723.9897901170116,0.0003638604828406813
0.6666666666666666,2724.5008850637323,0.0003716352165116549
0.6666666666666666,2725.444884806724,0.0003795760756249481
0.6666666666666666,2726.40343511766,0.0003876866098407493
0.6666666666666666,2727.361985428597,0.00039597044466607224
0.6666666666666666,2728.2136894824707,0.00040347930037355474
0.6666666666666666,2728.320535739533,0.0004044312830754015
0.6666666666666666,2729.27908605047,0.000413072907165968
0.6666666666666666,2730.2376363614067,0.00042189917984839165
0.6666666666666666,2731.196186672343,0.0004309140465734481
0.6666666666666666,2732.1547369832797,0.0004401215370957338
0.6666666666666666,2733.113287294216,0.00044952576727501635
0.6666666666666666,2734.0718376051527,0.0004591309409160725
0.6666666666666666,2735.0303879160892,0.000468941351647839
0.6666666666666666,2735.2253756260434,0.0004709624927918449
0.6666666666666666,2735.9844370604633,0.00047896138484271794
0.6666666666666666,2736.229225813321,0.0004891955195768905
0.6666666666666666,2736.2484366184135,0.0004996483306325197
0.6666666666666666,2736.267647423506,0.0005103244905427331
0.6666666666666666,2736.2868582285982,0.0005212287716802978
0.6666666666666666,2736.3060690336906,0.0005323660483909363
0.6666666666666666,2736.3252798387834,0.0005437412991722084
0.6666666666666666,2736.6939981446762,0.0005553596088989728
0.6666666666666666,2737.5394992232427,0.0005672261710963738
0.6666666666666666,2738.484255169369,0.0005793462902614208
0.6666666666666666,2739.4290111154955,0.0005917253842341546
0.6666666666666666,2740.373767061622,0.000604368986619493
0.6666666666666666,2741.318523007749,0.000617282749260818
0.6666666666666666,2742.237061769616,0.0006301026534711936
0.6666666666666666,2742.2632789538748,0.0006304724447664181
0.6666666666666666,2743.208034900001,0.0006439439690899121
0.6666666666666666,2744.1527908461276,0.0006577033441658132
0.6666666666666666,2745.0975467922544,0.0006717567206014093
0.6666666666666666,2746.042302738381,0.0006861103804261534
0.6666666666666666,2746.599137962108,0.0007007707398998128
0.6666666666666666,2746.622847805268,0.0007157443523806101
0.6666666666666666,2746.646557648428,0.0007310379112546551
0.6666666666666666,2746.6702674915878,0.0007466582529279718
0.6666666666666666,2746.6939773347476,0.000762612359882453
0.6666666666666666,2746.7176871779075,0.0007789073637971122
0.6666666666666666,2746.7413970210673,0.0007955505487360335
0.6666666666666666,2746.765106864227,0.0008125493544044343
0.6666666666666666,2746.9618484752095,0.0008299113794743063
0.6666666666666666,2747.614074412967,0.0008476443849811126
0.6666666666666666,2748.541596226763,0.0008657562977930622
0.6666666666666666,2749.2487479131887,0.0008798245640041857
0.6666666666666666,2749.469118040559,0.0008842552141545192
0.6666666666666666,2750.3966398543553,0.0009031494033051199
0.6666666666666666,2751.3241616681507,0.0009224473111762259
0.6666666666666666,2752.251683481947,0.0009421575641663562
0.6666666666666666,2753.179205295743,0.0009622889729972897
0.6666666666666666,2754.106727109539,0.000982850536652567
0.6666666666666666,2755.034248923335,0.0010038514464001435
0.6666666666666666,2755.3977493241405,0.0010253010899010004
0.6666666666666666,2755.4273004090614,0.0010472090554055412
0.6666666666666666,2755.456851493983,0.0010695851360396527
0.6666666666666666,2755.4864025789047,0.001092439334182354
0.6666666666666666,2755.515953663826,0.0011157818659369835
0.6666666666666666,2755.545504748748,0.001139623165697914
0.6666666666666666,2755.5750558336695,0.001163973890814861
0.6666666666666666,2755.6046069185904,0.0011888449263568403
0.6666666666666666,2755.6341580035123,0.0012142473899779288
0.6666666666666666,2755.6738055570695,0.001240192636886994
0.6666666666666666,2755.8627872801358,0.001266692264923601
0.6666666666666666,2756.2604340567614,0.0012785132591831806
0.6666666666666666,2756.7678626668394,0.0012937581197423982
0.6666666666666666,2757.6729380535426,0.0013214023001082579
0.6666666666666666,2758.5780134402467,0.0013496371633045779
0.6666666666666666,2759.4830888269503,0.001378475330657131
0.6666666666666666,2760.388164213654,0.001407929693175962
0.6666666666666666,2761.2932396003575,0.0014380134173178098
0.6666666666666666,2762.1983149870607,0.001468739950871681
0.6666666666666666,2762.8674050714126,0.0015001230289701784
0.6666666666666666,2762.904893264531,0.0015321766802292628
0.6666666666666666,2762.9422358860747,0.0015649152330192181
0.6666666666666666,2762.979578507618,0.0015983533218696122
0.6666666666666666,2763.0169211291623,0.0016325058940110959
0.6666666666666666,2763.054263750706,0.001667388216057011
0.6666666666666666,2763.0916063722498,0.0017030158808277371
0.6666666666666666,2763.1289489937935,0.0017394048143208845
0.6666666666666666,2763.1662916153373,0.0017765712828303967
0.6666666666666666,2763.203634236881,0.001814531900217785
0.6666666666666666,2763.240976858425,0.001853303635338732
0.6666666666666666,2763.272120200334,0.001886271665711588
0.6666666666666666,2763.2783194799686,0.0018929038196283628
0.6666666666666666,2763.3156621015128,0.0019333501548486186
0.6666666666666666,2764.1699451490313,0.001974660721001156
0.6666666666666666,2765.034465708991,0.0020168539844093126
0.6666666666666666,2765.910434579735,0.002059948805972804
0.6666666666666666,2766.7864034504796,0.0021039644495987413
0.6666666666666666,2767.662372321224,0.00214892059081287
0.6666666666666666,2768.5383411919684,0.002194837325554729
0.6666666666666666,2769.275516483991,0.002241735179160809
0.6666666666666666,2769.332286975915,0.0022896351155396073
0.6666666666666666,2769.3804381040795,0.0023385585465427556
0.6666666666666666,2769.428589232244,0.0023885273415363848
0.6666666666666666,2769.4767403604087,0.002439563837176979
0.6666666666666666,2769.5248914885738,0.0024916908473961515
0.6666666666666666,2769.5730426167383,0.0025449316735987287
0.6666666666666666,2769.621193744903,0.0025993101150787795
0.6666666666666666,2769.6693448730675,0.0026548504796581715
0.6666666666666666,2769.717496001232,0.002711577594552468
0.6666666666666666,2769.7656471293967,0.002769516817469007
0.6666666666666666,2769.8137982575613,0.002828694047942066
0.6666666666666666,2769.861949385726,0.002889135738910324
0.6666666666666666,2769.9101005138905,0.002950868908541593
0.6666666666666666,2769.9932735732827,0.003013921152310289
0.6666666666666666,2770.2838063439067,0.003042170723595857
0.6666666666666666,2770.65911243312,0.003078320655332949
0.6666666666666666,2771.4777231861544,0.003144096204967312
0.6666666666666666,2772.3140695114353,0.003211277203680609
0.6666666666666666,2773.150415836715,0.0032798936821928307
0.6666666666666666,2773.986762161996,0.0033499763129008304
0.6666666666666666,2774.8115938195087,0.0034215564235892397
0.6666666666666666,2774.9329798705276,0.003494666011434374
0.6666666666666666,2774.9971279900365,0.0035693377573073714
0.6666666666666666,2775.0612761095454,0.0036456050403829133
0.6666666666666666,2775.1254242290543,0.003723501953060145
0.6666666666666666,2775.1895723485627,0.0038030633162023687
0.6666666666666666,2775.253720468072,0.003884324694702402
0.6666666666666666,2775.3178685875805,0.003967322413380525
0.6666666666666666,2775.3820167070894,0.004052093573222088
0.6666666666666666,2775.446164826598,0.0041386760679621385
0.6666666666666666,2775.510312946107,0.004227108601024337
0.6666666666666666,2775.5744610656157,0.0043174307028218985
0.6666666666666666,2775.6386091851246,0.004409682748428131
0.6666666666666666,2775.7027573046335,0.0045039059756245975
0.6666666666666666,2775.766905424142,0.004600142503334917
0.6666666666666666,2775.831053543651,0.0046984353504524005
0.6666666666666666,2775.908005222088,0.004798828455070054
0.6666666666666666,2776.1120497262355,0.0049013666941214095
0.6666666666666666,2776.7404439510583,0.005006095903441064
0.6666666666666666,2777.2954924874794,0.005081981136195583
0.6666666666666666,2777.520445472726,0.005113062898253879
0.6666666666666666,2778.3004469943935,0.005222315494101893
0.6666666666666666,2779.0804485160616,0.005333902528218535
0.6666666666666666,2779.850569358954,0.005447873881359368
0.6666666666666666,2780.002657780665,0.005564280500099463
0.6666666666666666,2780.093755157553,0.00568317441960708
0.6666666666666666,2780.1848525344412,0.005804608786904068
0.6666666666666666,2780.27594991133,0.005928637884623185
0.6666666666666666,2780.367047288218,0.00605531715527311
0.6666666666666666,2780.458144665107,0.0061847032260219335
0.6666666666666666,2780.549242041995,0.006316853934010153
0.6666666666666666,2780.6403394188837,0.006451828352204591
0.6666666666666666,2780.7314367957715,0.006589686815804745
0.6666666666666666,2780.82253417266,0.0067304909492133125
0.6666666666666666,2780.913631549549,0.006874303693583092
0.6666666666666666,2781.0047289264376,0.007021189334952389
0.6666666666666666,2781.095826303326,0.00717121353298171
0.6666666666666666,2781.186923680214,0.007324443350304374
0.6666666666666666,2781.2780210571027,0.007480947282504346
0.6666666666666666,2781.3691184339914,0.0076407952887346114
0.6666666666666666,2781.4602158108796,0.007804058822989715
0.6666666666666666,2781.551313187768,0.007970810866046622
0.6666666666666666,2781.6424105646565,0.008141125958087955
0.6666666666666666,2781.733507941545,0.00831508023202238
0.6666666666666666,2781.9786560030307,0.008492751447516966
0.6666666666666666,2782.2605704643956,0.008674219025756639
0.6666666666666666,2782.949963945227,0.008859564084946477
0.6666666666666666,2783.6417416786767,0.00904886947657247
0.6666666666666666,2784.307178631052,0.009234782525514126
0.6666666666666666,2784.333519412126,0.009242219822437198
0.6666666666666666,2785.010399819887,0.009439701552486746
0.6666666666666666,2785.6227777813583,0.009641402943445959
0.6666666666666666,2786.235155742829,0.00984741415827924
0.6666666666666666,2786.784736337352,0.010057827286494413
0.6666666666666666,2787.2038967216154,0.01027273638530793
0.6666666666666666,2787.5640974544576,0.010492237521689535
0.6666666666666666,2787.7126054805217,0.010716428815305356
0.6666666666666666,2787.8611135065853,0.010945410482378631
0.6666666666666666,2788.009621532649,0.011179284880487512
0.6666666666666666,2788.1581295587125,0.011418156554320224
0.6666666666666666,2788.3066375847766,0.0116621322824077
0.6666666666666666,2788.4551456108397,0.011911321124854993
0.6666666666666666,2788.6036536369033,0.012165834472092367
0.6666666666666666,2788.752161662967,0.012425786094668203
0.6666666666666666,2788.900669689031,0.012691292194105861
0.6666666666666666,2789.049177715094,0.012962471454847064
0.6666666666666666,2789.1976857411582,0.013239445097305402
0.6666666666666666,2789.346193767222,0.013522336932053203
0.6666666666666666,2789.4947017932855,0.013811273415166473
0.6666666666666666,2789.643209819349,0.014106383704752203
0.6666666666666666,2789.7917178454127,0.014407799718683634
0.6666666666666666,2789.9402258714763,0.014715656193569201
0.6666666666666666,2790.08873389754,0.01503009074498132
0.6666666666666666,2790.2372419236035,0.01535124392897234
0.6666666666666666,2790.385749949667,0.015679259304904682
0.6666666666666666,2790.5342579757307,0.01601428349962367
0.6666666666666666,2790.6827660017943,0.016356466273001552
0.6666666666666666,2790.831274027858,0.016705960584881867
0.6666666666666666,2790.979782053922,0.017062922663454463
0.6666666666666666,2791.1282900799856,0.017427512075091273
0.6666666666666666,2791.2767981060492,0.017799891795674552
0.6666666666666666,2791.3188647746247,0.01790681161411698
0.6666666666666666,2791.425306132113,0.018180228283448938
0.6666666666666666,2791.5738141581764,0.01856869155343036
0.6666666666666666,2791.72232218424,0.01896545525340486
0.6666666666666666,2791.8708302103037,0.019370696741551136
0.6666666666666666,2792.019338236367,0.01978459716572195
0.6666666666666666,2792.167846262431,0.02020734154441925
0.6666666666666666,2792.3163542884945,0.02063911884949979
0.6666666666666666,2792.464862314558,0.021080122090647833
0.6666666666666666,2792.6133703406217,0.021530548401652718
0.6666666666666666,2792.761878366686,0.02199059912853022
0.6666666666666666,2792.910386392749,0.02246047991952647
0.6666666666666666,2793.058894418813,0.022940400817045393
0.6666666666666666,2793.207402444876,0.023430576351540052
0.6666666666666666,2793.35591047094,0.023931225637410385
0.6666666666666666,2793.555029454413,0.02444257247095017
0.6666666666666666,2793.788250534496,0.0249648454303864
0.6666666666666666,2794.021217287452,0.025498277978056767
0.6666666666666666,2794.259604823179,0.02604310856476998
0.6666666666666666,2794.502026535114,0.026599580736396223
0.6666666666666666,2794.7551764944733,0.027167943242735196
0.6666666666666666,2795.011716309501,0.027748450148710108
0.6666666666666666,2795.268256124529,0.028341360947937978
0.6666666666666666,2795.5351924977804,0.02894694067872621
0.6666666666666666,2795.811916954163,0.029565460042548165
0.6666666666666666,2796.0886414105453,0.03019719552504976
0.6666666666666666,2796.3684345223937,0.030842429519642032
0.6666666666666666,2796.6667255456246,0.03150145045373446
0.6666666666666666,2796.9650165688554,0.03217455291766534
0.6666666666666666,2797.2633075920858,0.032862037796387446
0.6666666666666666,2797.533222009959,0.03356421240396704
0.6666666666666666,2797.8604022894374,0.03428139062095709
0.6666666666666666,2798.1875825689162,0.035013893034705756
0.6666666666666666,2798.3305509181973,0.03535838346329166
0.6666666666666666,2799.2325568201163,0.035013893034705756
0.6666666666666666,2801.296779737736,0.03428139062095709
0.6666666666666666,2803.361002655355,0.03356421240396704
0.6666666666666666,2805.34223706177,0.03287622408928662
0.6666666666666666,2805.354819186763,0.032862037796387446
0.6666666666666666,2805.938477945714,0.03217455291766534
0.6666666666666666,2806.5221367046656,0.03150145045373446
0.6666666666666666,2807.0865896965306,0.030842429519642032
0.6666666666666666,2807.1531454707983,0.03019719552504976
0.6666666666666666,2807.659222898005,0.029565460042548165
0.6666666666666666,2808.1653003252113,0.02894694067872621
0.6666666666666666,2808.331424140146,0.028341360947937978
0.6666666666666666,2808.679982690035,0.027748450148710108
0.6666666666666666,2809.1263809488164,0.027167943242735196
0.6666666666666666,2809.5727792075977,0.026599580736396223
0.6666666666666666,2810.0016088664397,0.02604310856476998
0.6666666666666666,2810.42256600229,0.025498277978056767
0.6666666666666666,2810.8296950900167,0.0249648454303864
0.6666666666666666,2810.8188300136403,0.02444257247095017
0.6666666666666666,2810.7237459040452,0.023931225637410385
0.6666666666666666,2810.9207381889973,0.02343057635154004
0.6666666666666666,2811.159500644515,0.022940400817045393
0.6666666666666666,2811.398263100033,0.02246047991952647
0.6666666666666666,2811.637025555551,0.02199059912853022
0.6666666666666666,2811.875788011069,0.021530548401652708
0.6666666666666666,2812.1145504665865,0.021080122090647833
0.6666666666666666,2812.3533129221046,0.02063911884949978
0.6666666666666666,2812.3539232053427,0.020638003537491165
0.6666666666666666,2812.592075377622,0.02020734154441926
0.6666666666666666,2812.83083783314,0.01978459716572195
0.6666666666666666,2813.069600288658,0.019370696741551136
0.6666666666666666,2813.3083627441756,0.01896545525340486
0.6666666666666666,2813.5471251996937,0.01856869155343036
0.6666666666666666,2813.785887655212,0.018180228283448938
0.6666666666666666,2814.0246501107295,0.017799891795674552
0.6666666666666666,2814.2634125662476,0.017427512075091273
0.6666666666666666,2814.502175021765,0.017062922663454463
0.6666666666666666,2814.7409374772833,0.016705960584881867
0.6666666666666666,2814.979699932801,0.016356466273001552
0.6666666666666666,2815.2184623883186,0.01601428349962367
0.6666666666666666,2815.4572248438367,0.015679259304904682
0.6666666666666666,2815.695987299355,0.01535124392897234
0.6666666666666666,2815.9347497548724,0.01503009074498132
0.6666666666666666,2816.17351221039,0.014715656193569201
0.6666666666666666,2816.4122746659086,0.014407799718683634
0.6666666666666666,2816.6510371214263,0.014106383704752203
0.6666666666666666,2816.889799576944,0.01381127341516648
0.6666666666666666,2817.1285620324616,0.013522336932053203
0.6666666666666666,2817.3673244879797,0.013239445097305402
0.6666666666666666,2817.6060869434973,0.012962471454847064
0.6666666666666666,2817.8448493990154,0.012691292194105861
0.6666666666666666,2818.0836118545335,0.012425786094668203
0.6666666666666666,2818.322374310051,0.012165834472092367
0.6666666666666666,2818.561136765569,0.011911321124854993
0.6666666666666666,2818.799899221087,0.0116621322824077
0.6666666666666666,2819.0386616766045,0.011418156554320224
0.6666666666666666,2819.2774241321226,0.011179284880487512
0.6666666666666666,2819.365609348915,0.011092328633962137
0.6666666666666666,2819.5187785497933,0.010945410482378631
0.6666666666666666,2819.788105627149,0.010716428815305356
0.6666666666666666,2820.1020497379427,0.01049223752168953
0.6666666666666666,2820.415993848737,0.010272736385307936
0.6666666666666666,2820.7299379595306,0.010057827286494413
0.6666666666666666,2821.043882070325,0.00984741415827924
0.6666666666666666,2821.357826181118,0.009641402943445959
0.6666666666666666,2821.6717702919123,0.009439701552486746
0.6666666666666666,2821.8203696968085,0.009242219822437198
0.6666666666666666,2821.9319736418242,0.00904886947657247
0.6666666666666666,2822.04357758684,0.008859564084946477
0.6666666666666666,2822.1551815318558,0.008674219025756639
0.6666666666666666,2822.2667854768715,0.008492751447516966
0.6666666666666666,2822.3783894218873,0.00831508023202238
0.6666666666666666,2822.489993366903,0.008141125958087955
0.6666666666666666,2822.6015973119183,0.007970810866046622
0.6666666666666666,2822.7132012569346,0.007804058822989715
0.6666666666666666,2822.82480520195,0.0076407952887346114
0.6666666666666666,2822.936409146966,0.0074809472825043384
0.6666666666666666,2823.048013091982,0.007324443350304374
0.6666666666666666,2823.1596170369976,0.00717121353298171
0.6666666666666666,2823.271220982013,0.007021189334952389
0.6666666666666666,2823.382824927029,0.006874303693583085
0.6666666666666666,2823.4944288720444,0.0067304909492133125
0.6666666666666666,2823.6060328170606,0.006589686815804745
0.6666666666666666,2823.717636762076,0.006451828352204591
0.6666666666666666,2823.829240707092,0.006316853934010153
0.6666666666666666,2824.1320662844564,0.0061847032260219335
0.6666666666666666,2824.620215834544,0.00605531715527311
0.6666666666666666,2825.2554553876284,0.005928637884623185
0.6666666666666666,2825.928963590687,0.005804608786904068
0.6666666666666666,2826.3772954924875,0.005723488629829217
0.6666666666666666,2826.602471793745,0.005683174419607086
0.6666666666666666,2827.2759799968035,0.005564280500099463
0.6666666666666666,2827.949488199862,0.005447873881359368
0.6666666666666666,2828.6229964029203,0.005333902528218535
0.6666666666666666,2828.7710980579895,0.005222315494101893
0.6666666666666666,2828.848488023824,0.005113062898253874
0.6666666666666666,2828.925877989658,0.005006095903441064
0.6666666666666666,2829.0032679554924,0.0049013666941214095
0.6666666666666666,2829.0806579213267,0.004798828455070054
0.6666666666666666,2829.158047887161,0.0046984353504524005
0.6666666666666666,2829.2354378529953,0.004600142503334917
0.6666666666666666,2829.31282781883,0.0045039059756245975
0.6666666666666666,2829.390217784664,0.004409682748428131
0.6666666666666666,2829.4676077504982,0.0043174307028218985
0.6666666666666666,2829.544997716333,0.004227108601024337
0.6666666666666666,2829.6223876821673,0.0041386760679621385
0.6666666666666666,2829.6997776480016,0.004052093573222088
0.6666666666666666,2829.777167613836,0.003967322413380525
0.6666666666666666,2829.85455757967,0.003884324694702402
0.6666666666666666,2830.2419359988303,0.0038030633162023687
0.6666666666666666,2830.889663344669,0.003723501953060145
0.6666666666666666,2831.7067860107486,0.0036456050403829133
0.6666666666666666,2832.5239086768283,0.0035693377573073714
0.6666666666666666,2833.341031342908,0.003494666011434374
0.6666666666666666,2833.38898163606,0.003490332979784307
0.6666666666666666,2834.158154008988,0.0034215564235892397
0.6666666666666666,2834.9752766750676,0.0033499763129008304
0.6666666666666666,2835.750037926803,0.0032798936821928307
0.6666666666666666,2835.847607223937,0.003211277203680609
0.6666666666666666,2835.9053416354063,0.003144096204967312
0.6666666666666666,2835.9630760468763,0.0030783206553329527
0.6666666666666666,2836.020810458346,0.003013921152310289
0.6666666666666666,2836.078544869816,0.002950868908541593
0.6666666666666666,2836.136279281286,0.002889135738910324
0.6666666666666666,2836.194013692756,0.002828694047942066
0.6666666666666666,2836.251748104226,0.002769516817469004
0.6666666666666666,2836.309482515696,0.002711577594552468
0.6666666666666666,2836.367216927166,0.0026548504796581715
0.6666666666666666,2836.4249513386358,0.0025993101150787795
0.6666666666666666,2836.4826857501057,0.0025449316735987287
0.6666666666666666,2836.7485436091506,0.0024916908473961515
0.6666666666666666,2837.380049936143,0.002439563837176979
0.6666666666666666,2838.2715577278823,0.0023885273415363848
0.6666666666666666,2839.1630655196213,0.002338558546542758
0.6666666666666666,2840.0545733113604,0.0022896351155396073
0.6666666666666666,2840.400667779633,0.002270919406328792
0.6666666666666666,2840.9460811030995,0.002241735179160809
0.6666666666666666,2841.8375888948385,0.002194837325554729
0.6666666666666666,2842.7290966865776,0.00214892059081287
0.6666666666666666,2843.5826126796474,0.0021039644495987413
0.6666666666666666,2843.7032931248496,0.0020599488059728018
0.6666666666666666,2843.7479169272256,0.0020168539844093126
0.6666666666666666,2843.792540729601,0.001974660721001156
0.6666666666666666,2843.837164531977,0.0019333501548486206
0.6666666666666666,2843.8817883343527,0.0018929038196283628
0.6666666666666666,2843.9264121367287,0.0018533036353387338
0.6666666666666666,2843.9710359391042,0.001814531900217785
0.6666666666666666,2844.01565974148,0.0017765712828303967
0.6666666666666666,2844.0602835438563,0.0017394048143208845
0.6666666666666666,2844.104907346232,0.0017030158808277371
0.6666666666666666,2844.4023670802458,0.0016673882160570127
0.6666666666666666,2845.1411284004726,0.0016325058940110959
0.6666666666666666,2846.079777601673,0.0015983533218696122
0.6666666666666666,2847.018426802874,0.0015649152330192181
0.6666666666666666,2847.412353923205,0.0015510913628736915
0.6666666666666666,2847.957076004074,0.0015321766802292628
0.6666666666666666,2848.895725205275,0.0015001230289701784
0.6666666666666666,2849.8343744064755,0.001468739950871681
0.6666666666666666,2850.7730236076764,0.0014380134173178098
0.6666666666666666,2851.7116728088768,0.001407929693175962
0.6666666666666666,2852.60895708256,0.0013784753306571322
0.6666666666666666,2852.7277273048776,0.0013496371633045766
0.6666666666666666,2852.7629654091943,0.0013214023001082566
0.6666666666666666,2852.798203513511,0.0012937581197423982
0.6666666666666666,2852.8334416178277,0.001266692264923601
0.6666666666666666,2852.8686797221444,0.001240192636886994
0.6666666666666666,2852.903917826461,0.0012142473899779288
0.6666666666666666,2852.939155930778,0.0011888449263568416
0.6666666666666666,2852.974394035094,0.001163973890814861
0.6666666666666666,2853.2340313098093,0.001139623165697915
0.6666666666666666,2854.0967581792765,0.0011157818659369835
0.6666666666666666,2854.424040066778,0.0011078654747970326
0.6666666666666666,2855.0685659421,0.001092439334182354
0.6666666666666666,2856.0403737049232,0.0010695851360396527
0.6666666666666666,2857.012181467747,0.0010472090554055412
0.6666666666666666,2857.9839892305704,0.0010253010899010004
0.6666666666666666,2858.955796993394,0.0010038514464001435
0.6666666666666666,2859.927604756217,0.0009828505366525678
0.6666666666666666,2860.899412519041,0.0009622889729972897
0.6666666666666666,2861.435726210351,0.0009511263974387313
0.6666666666666666,2861.871220281864,0.0009421575641663562
0.6666666666666666,2862.843028044688,0.0009224473111762259
0.6666666666666666,2863.2485984390105,0.0009031494033051199
0.6666666666666666,2863.276831073985,0.0008842552141545192
0.6666666666666666,2863.305063708959,0.0008657562977930622
0.6666666666666666,2863.3332963439334,0.0008476443849811126
0.6666666666666666,2863.3615289789077,0.0008299113794743063
0.6666666666666666,2863.389761613882,0.0008125493544044343
0.6666666666666666,2863.5754336952514,0.0007955505487360335
0.6666666666666666,2864.3293788460164,0.0007789073637971122
0.6666666666666666,2865.3251737712353,0.000762612359882453
0.6666666666666666,2866.3209686964537,0.0007466582529279718
0.6666666666666666,2867.3167636216726,0.0007310379112546559
0.6666666666666666,2868.312558546891,0.0007157443523806101
0.6666666666666666,2868.4474123539235,0.0007136979962798374
0.6666666666666666,2869.30835347211,0.0007007707398998128
0.6666666666666666,2870.3041483973284,0.0006861103804261534
0.6666666666666666,2871.2999433225477,0.0006717567206014093
0.6666666666666666,2872.295738247766,0.0006577033441658132
0.6666666666666666,2873.2915331729846,0.0006439439690899121
0.6666666666666666,2874.2873280982035,0.0006304724447664181
0.6666666666666666,2875.283123023422,0.0006172827492608175
0.6666666666666666,2875.459098497496,0.0006105967472229553
0.6666666666666666,2875.6325668804,0.000604368986619493
0.6666666666666666,2875.6554198685058,0.0005917253842341546
0.6666666666666666,2875.6782728566113,0.0005793462902614208
0.6666666666666666,2875.70769137164,0.0005672261710963744
0.6666666666666666,2876.0373177158117,0.0005553596088989728
0.6666666666666666,2877.0512566525904,0.0005437412991722084
0.6666666666666666,2878.065195589369,0.0005323660483909356
0.6666666666666666,2879.0791345261478,0.0005212287716802978
0.6666666666666666,2880.0930734629274,0.0005103244905427326
0.6666666666666666,2881.107012399706,0.0004996483306325197
0.6666666666666666,2882.1209513364847,0.0004891955195768905
0.6666666666666666,2882.4707846410683,0.00048564002237758055
0.6666666666666666,2883.134890273264,0.00047896138484271794
0.6666666666666666,2884.148829210043,0.000468941351647839
0.6666666666666666,2885.1627681468217,0.0004591309409160725
0.6666666666666666,2886.1767070836004,0.0004495257672750173
0.6666666666666666,2887.1906460203795,0.0004401215370957338
0.6666666666666666,2888.2045849571587,0.0004309140465734481
0.6666666666666666,2889.2185238939373,0.00042189917984839165
0.6666666666666666,2889.4824707846415,0.00041952230207065356
0.6666666666666666,2890.2089806334893,0.000413072907165968
0.6666666666666666,2890.268452570626,0.0004044312830754011
0.6666666666666666,2890.558592060327,0.00039597044466607224
0.6666666666666666,2891.586633265584,0.0003876866098407493
0.6666666666666666,2892.6146744708412,0.0003795760756249481
0.6666666666666666,2893.6427156760983,0.0003716352165116549
0.6666666666666666,2894.6707568813545,0.0003638604828406817
0.6666666666666666,2895.6987980866115,0.0003562483992119245
0.6666666666666666,2896.4941569282137,0.0003504686362375729
0.6666666666666666,2903.5058430717863,0.000351706982018479
0.6666666666666666,2904.1005975957787,0.0003562483992119245
0.6666666666666666,2905.0806918530416,0.0003638604828406817
0.6666666666666666,2906.060786110304,0.0003716352165116549
0.6666666666666666,2907.0408803675664,0.0003795760756249481
0.6666666666666666,2908.0209746248283,0.0003876866098407493
0.6666666666666666,2909.001068882091,0.00039597044466607224
0.6666666666666666,2909.716244379867,0.0004044312830754015
0.6666666666666666,2909.781617805035,0.000413072907165968
0.6666666666666666,2910.3972738920056,0.00042189917984839165
0.6666666666666666,2910.517529215359,0.00042299761957161937
0.6666666666666666,2911.3750807091565,0.0004309140465734481
0.6666666666666666,2912.3528875263078,0.00044012153709573336
0.6666666666666666,2913.330694343459,0.00044952576727501635
0.6666666666666666,2914.30850116061,0.0004591309409160725
0.6666666666666666,2915.2863079777608,0.000468941351647839
0.6666666666666666,2916.2641147949116,0.00047896138484271794
0.6666666666666666,2917.241921612063,0.0004891955195768905
0.6666666666666666,2917.5292153589317,0.0004922438127614202
0.6666666666666666,2918.2197284292142,0.0004996483306325197
0.6666666666666666,2919.197535246365,0.0005103244905427326
0.6666666666666666,2920.175342063516,0.0005212287716802978
0.6666666666666666,2921.1531488806677,0.0005323660483909356
0.6666666666666666,2922.1309556978185,0.0005437412991722084
0.6666666666666666,2923.1087625149694,0.0005553596088989728
0.6666666666666666,2924.0865693321207,0.0005672261710963744
0.6666666666666666,2924.328710388633,0.0005793462902614208
0.6666666666666666,2924.3539350262145,0.0005917253842341546
0.6666666666666666,2924.379159663796,0.000604368986619493
0.6666666666666666,2924.408894353808,0.000617282749260818
0.6666666666666666,2924.5409015025043,0.0006195628108274859
0.6666666666666666,2925.1442171918984,0.0006304724447664188
0.6666666666666666,2926.117997123207,0.0006439439690899121
0.6666666666666666,2927.0917770545157,0.0006577033441658138
0.6666666666666666,2928.065556985824,0.0006717567206014093
0.6666666666666666,2929.0393369171325,0.0006861103804261534
0.6666666666666666,2930.0131168484413,0.0007007707398998128
0.6666666666666666,2930.9868967797497,0.0007157443523806101
0.6666666666666666,2931.552587646077,0.0007245893469278658
0.6666666666666666,2931.960676711058,0.0007310379112546551
0.6666666666666666,2932.9344566423665,0.0007466582529279718
0.6666666666666666,2933.908236573675,0.000762612359882453
0.6666666666666666,2934.8820165049833,0.0007789073637971122
0.6666666666666666,2935.8557964362917,0.0007955505487360335
0.6666666666666666,2936.533477403244,0.0008125493544044343
0.6666666666666666,2936.6515489112367,0.0008299113794743063
0.6666666666666666,2936.6816926471247,0.0008476443849811126
0.6666666666666666,2936.7118363830127,0.0008657562977930622
0.6666666666666666,2936.7419801189008,0.0008842552141545192
0.6666666666666666,2936.772123854789,0.0009031494033051199
0.6666666666666666,2936.9565594676315,0.0009224473111762259
0.6666666666666666,2937.9231256189605,0.0009421575641663562
0.6666666666666666,2938.5642737896496,0.0009554636646128776
0.6666666666666666,2938.88969177029,0.0009622889729972897
0.6666666666666666,2939.8562579216186,0.000982850536652567
0.6666666666666666,2940.8228240729477,0.0010038514464001435
0.6666666666666666,2941.789390224277,0.0010253010899010004
0.6666666666666666,2942.7559563756063,0.0010472090554055412
0.6666666666666666,2943.722522526936,0.0010695851360396527
0.6666666666666666,2944.689088678265,0.001092439334182354
0.6666666666666666,2945.5759599332227,0.0011138385146885876
0.6666666666666666,2945.6556548295944,0.0011157818659369835
0.6666666666666666,2946.575300210995,0.001139623165697914
0.6666666666666666,2947.0467359658223,0.001163973890814861
0.6666666666666666,2947.08279928045,0.0011888449263568403
0.6666666666666666,2947.118862595078,0.0012142473899779288
0.6666666666666666,2947.154925909706,0.001240192636886994
0.6666666666666666,2947.1909892243343,0.001266692264923601
0.6666666666666666,2947.2270525389627,0.0012937581197423982
0.6666666666666666,2947.2631158535905,0.0013214023001082566
0.6666666666666666,2947.2991791682184,0.0013496371633045779
0.6666666666666666,2948.0711338131714,0.0013784753306571322
0.6666666666666666,2949.024084989822,0.001407929693175962
0.6666666666666666,2949.977036166473,0.0014380134173178098
0.6666666666666666,2950.929987343124,0.0014687399508716825
0.6666666666666666,2951.882938519775,0.0015001230289701784
0.6666666666666666,2952.587646076795,0.0015237613251309222
0.6666666666666666,2952.835889696426,0.0015321766802292628
0.6666666666666666,2953.7888408730764,0.0015649152330192181
0.6666666666666666,2954.741792049728,0.0015983533218696122
0.6666666666666666,2955.5149756126784,0.0016325058940110959
0.6666666666666666,2955.88955668198,0.001667388216057011
0.6666666666666666,2955.9327761597797,0.0017030158808277371
0.6666666666666666,2955.975995637579,0.0017394048143208845
0.6666666666666666,2956.0192151153788,0.0017765712828303967
0.6666666666666666,2956.0624345931783,0.001814531900217785
0.6666666666666666,2956.105654070978,0.001853303635338732
0.6666666666666666,2956.1488735487774,0.0018929038196283628
0.6666666666666666,2956.1920930265765,0.0019333501548486206
0.6666666666666666,2956.235312504376,0.001974660721001156
0.6666666666666666,2956.2892934408897,0.0020168539844093126
0.6666666666666666,2956.350631878326,0.0020599488059728018
0.6666666666666666,2956.411970315763,0.0021039644495987413
0.6666666666666666,2956.4733087531995,0.00214892059081287
0.6666666666666666,2956.534647190636,0.002194837325554729
0.6666666666666666,2956.5959856280724,0.002241735179160809
0.6666666666666666,2956.657324065509,0.0022896351155396073
0.6666666666666666,2956.7186625029453,0.0023385585465427556
0.6666666666666666,2956.7800009403827,0.0023885273415363848
0.6666666666666666,2957.105224093476,0.002439563837176979
0.6666666666666666,2957.791780191883,0.0024916908473961515
0.6666666666666666,2958.6030010971986,0.0025449316735987287
0.6666666666666666,2959.4142220025146,0.0025993101150787795
0.6666666666666666,2959.5993322203676,0.002611880510395751
0.6666666666666666,2960.22544290783,0.0026548504796581715
0.6666666666666666,2961.0366638131454,0.0027115775945524656
0.6666666666666666,2961.847884718461,0.002769516817469007
0.6666666666666666,2962.659105623777,0.002828694047942066
0.6666666666666666,2963.4703265290927,0.002889135738910324
0.6666666666666666,2963.9509379899314,0.002950868908541593
0.6666666666666666,2964.024720462955,0.003013921152310289
0.6666666666666666,2964.098502935979,0.0030783206553329527
0.6666666666666666,2964.172285409003,0.003144096204967312
0.6666666666666666,2964.246067882027,0.003211277203680609
0.6666666666666666,2964.3198503550507,0.0032798936821928307
0.6666666666666666,2964.3936328280743,0.0033499763129008304
0.6666666666666666,2964.4674153010983,0.0034215564235892397
0.6666666666666666,2964.541197774122,0.003494666011434374
0.6666666666666666,2964.6149802471455,0.0035693377573073714
0.6666666666666666,2964.757429468511,0.0036456050403829133
0.6666666666666666,2965.289875916251,0.003723501953060145
0.6666666666666666,2966.061827552701,0.0038030633162023687
0.6666666666666666,2966.61101836394,0.003860698614819345
0.6666666666666666,2966.8337791891513,0.003884324694702402
0.6666666666666666,2967.6057308256013,0.003967322413380525
0.6666666666666666,2968.377682462052,0.004052093573222088
0.6666666666666666,2969.149634098502,0.0041386760679621385
0.6666666666666666,2969.9215857349523,0.004227108601024337
0.6666666666666666,2970.479761492672,0.0043174307028218985
0.6666666666666666,2970.6426582001495,0.004409682748428131
0.6666666666666666,2970.731844580912,0.0045039059756245975
0.6666666666666666,2970.8210309616748,0.004600142503334917
0.6666666666666666,2970.9102173424376,0.0046984353504524005
0.6666666666666666,2970.9994037232,0.004798828455070054
0.6666666666666666,2971.088590103963,0.0049013666941214095
0.6666666666666666,2971.1777764847257,0.005006095903441064
0.6666666666666666,2971.2669628654885,0.005113062898253874
0.6666666666666666,2971.3561492462513,0.005222315494101893
0.6666666666666666,2971.445335627014,0.005333902528218535
0.6666666666666666,2971.534522007777,0.005447873881359368
0.6666666666666666,2971.6399426346984,0.005564280500099463
0.6666666666666666,2971.76649489421,0.005683174419607086
0.6666666666666666,2971.8930471537224,0.005804608786904068
0.6666666666666666,2972.0195994132346,0.005928637884623185
0.6666666666666666,2972.146151672746,0.00605531715527311
0.6666666666666666,2972.272703932258,0.0061847032260219335
0.6666666666666666,2972.3992561917703,0.006316853934010153
0.6666666666666666,2972.5258084512825,0.006451828352204591
0.6666666666666666,2972.6523607107943,0.006589686815804745
0.6666666666666666,2972.778912970306,0.0067304909492133125
0.6666666666666666,2972.905465229818,0.006874303693583092
0.6666666666666666,2973.057902796067,0.007021189334952389
0.6666666666666666,2973.248346077231,0.00717121353298171
0.6666666666666666,2973.622704507512,0.007264787172809136
0.6666666666666666,2973.8660168827105,0.007324443350304374
0.6666666666666666,2974.4693764372073,0.007480947282504346
0.6666666666666666,2975.0798916171952,0.0076407952887346114
0.6666666666666666,2975.690406797183,0.007804058822989715
0.6666666666666666,2976.3009219771716,0.007970810866046622
0.6666666666666666,2976.9114371571595,0.008141125958087955
0.6666666666666666,2977.521952337148,0.00831508023202238
0.6666666666666666,2977.796404528497,0.008492751447516966
0.6666666666666666,2977.9519573139223,0.008674219025756639
0.6666666666666666,2978.1075100993467,0.008859564084946477
0.6666666666666666,2978.2630628847714,0.00904886947657247
0.6666666666666666,2978.418615670196,0.009242219822437198
0.6666666666666666,2978.5741684556206,0.009439701552486746
0.6666666666666666,2978.7297212410454,0.009641402943445959
0.6666666666666666,2978.88527402647,0.00984741415827924
0.6666666666666666,2979.0408268118945,0.010057827286494413
0.6666666666666666,2979.1963795973193,0.010272736385307936
0.6666666666666666,2979.3519323827436,0.01049223752168953
0.6666666666666666,2979.5074851681684,0.010716428815305356
0.6666666666666666,2979.6660649766604,0.010945410482378631
0.6666666666666666,2979.909558695733,0.011179284880487512
0.6666666666666666,2980.2198902496225,0.011418156554320224
0.6666666666666666,2980.5302218035126,0.0116621322824077
0.6666666666666666,2980.634390651085,0.011745190653141538
0.6666666666666666,2980.8405533574023,0.011911321124854993
0.6666666666666666,2981.150884911293,0.012165834472092374
0.6666666666666666,2981.4536634781234,0.012425786094668203
0.6666666666666666,2981.746705898143,0.012691292194105861
0.6666666666666666,2981.9627114167083,0.012962471454847064
0.6666666666666666,2982.1762269576348,0.013239445097305395
0.6666666666666666,2982.3897424985607,0.013522336932053203
0.6666666666666666,2982.6032580394867,0.013811273415166473
0.6666666666666666,2982.8167735804127,0.014106383704752194
0.6666666666666666,2983.0302891213387,0.014407799718683634
0.6666666666666666,2983.2438046622647,0.014715656193569201
0.6666666666666666,2983.4573202031906,0.01503009074498132
0.6666666666666666,2983.670835744117,0.01535124392897234
0.6666666666666666,2983.8843512850426,0.015679259304904682
0.6666666666666666,2984.0978668259695,0.01601428349962367
0.6666666666666666,2984.3113823668955,0.016356466273001552
0.6666666666666666,2984.526336653359,0.016705960584881867
0.6666666666666666,2984.811241786256,0.017062922663454463
0.6666666666666666,2985.1178749137143,0.017427512075091273
0.6666666666666666,2985.4245080411733,0.017799891795674552
0.6666666666666666,2985.7311411686323,0.018180228283448938
0.6666666666666666,2986.037774296091,0.01856869155343036
0.6666666666666666,2986.34440742355,0.01896545525340486
0.6666666666666666,2986.6510405510094,0.019370696741551136
0.6666666666666666,2986.957673678468,0.01978459716572195
0.6666666666666666,2987.264306805927,0.02020734154441926
0.6666666666666666,2987.5709399333855,0.02063911884949979
0.6666666666666666,2987.6460767946583,0.02074632066420564
0.6666666666666666,2987.8775730608445,0.021080122090647833
0.6666666666666666,2988.1842061883035,0.021530548401652718
0.6666666666666666,2988.490839315763,0.02199059912853022
0.6666666666666666,2988.7974724432215,0.02246047991952647
0.6666666666666666,2989.0136770325644,0.022940400817045393
0.6666666666666666,2988.849791121793,0.02343057635154004
0.6666666666666666,2988.4332706125188,0.023931225637410396
0.6666666666666666,2988.90426115204,0.02444257247095017
0.6666666666666666,2989.4057941051005,0.0249648454303864
0.6666666666666666,2989.9073270581625,0.025498277978056767
0.6666666666666666,2990.4088600112236,0.02604310856476998
0.6666666666666666,2990.9103929642847,0.026599580736396223
0.6666666666666666,2991.411925917346,0.027167943242735196
0.6666666666666666,2991.9134588704073,0.027748450148710108
0.6666666666666666,2992.4149918234684,0.028341360947937978
0.6666666666666666,2992.9165247765295,0.02894694067872621
0.6666666666666666,2993.418057729591,0.029565460042548165
0.6666666666666666,2993.9195906826517,0.03019719552504976
0.6666666666666666,2994.421123635713,0.030842429519642032
0.6666666666666666,2994.6577629382305,0.0311516409318943
0.6666666666666666,2995.083710194213,0.03150145045373446
0.6666666666666666,2995.890171899515,0.03217455291766533
0.6666666666666666,2996.6966336048163,0.032862037796387446
0.6666666666666666,2997.360989671106,0.03356421240396704
0.6666666666666666,2998.6372673443107,0.03428139062095709
0.6666666666666666,2999.9135450175154,0.035013893034705756
0.6666666666666666,3001.18982269072,0.035762047082662576
0.6666666666666666,3001.669449081803,0.03604731850356445
0.6666666666666666,3002.0870419449907,0.035762047082662576
0.6666666666666666,3003.198249455014,0.035013893034705756
0.6666666666666666,3004.3094569650366,0.03428139062095709
0.6666666666666666,3005.4206644750593,0.03356421240396704
0.6666666666666666,3006.509724802806,0.032862037796387446
0.6666666666666666,3007.579318028551,0.03217455291766534
0.6666666666666666,3008.6342172588875,0.03150145045373446
0.6666666666666666,3008.681135225376,0.03146483344635748
0.6666666666666666,3009.4657238772306,0.030842429519642032
0.6666666666666666,3010.339969314046,0.03019719552504976
0.6666666666666666,3011.1928453416253,0.029565460042548165
0.6666666666666666,3012.0457213692043,0.02894694067872621
0.6666666666666666,3012.8985973967838,0.028341360947937978
0.6666666666666666,3013.751473424363,0.027748450148710108
0.6666666666666666,3014.604349451942,0.027167943242735196
0.6666666666666666,3015.4572254795216,0.026599580736396237
0.6666666666666666,3015.692821368948,0.02644468460691251
0.6666666666666666,3016.310101507101,0.02604310856476998
0.6666666666666666,3017.16297753468,0.025498277978056767
0.6666666666666666,3018.01585356226,0.0249648454303864
0.6666666666666666,3018.868729589839,0.02444257247095017
0.6666666666666666,3019.7216056174184,0.023931225637410385
0.6666666666666666,3020.574481644998,0.02343057635154004
0.6666666666666666,3021.427357672577,0.022940400817045393
0.6666666666666666,3022.2763069735115,0.02246047991952647
0.6666666666666666,3022.704507512521,0.022177638112466282
0.6666666666666666,3022.9940458116484,0.02199059912853022
0.6666666666666666,3023.6079558255906,0.021530548401652718
0.6666666666666666,3024.2206088087996,0.021080122090647833
0.6666666666666666,3024.8332617920078,0.02063911884949979
0.6666666666666666,3025.445914775216,0.02020734154441926
0.6666666666666666,3026.058567758425,0.01978459716572195
0.6666666666666666,3026.671220741633,0.019370696741551136
0.6666666666666666,3027.283873724842,0.01896545525340486
0.6666666666666666,3027.8965267080503,0.01856869155343035
0.6666666666666666,3028.5091796912593,0.018180228283448938
0.6666666666666666,3029.1218326744674,0.017799891795674563
0.6666666666666666,3029.7161936560938,0.01743851658501096
0.6666666666666666,3029.734485657676,0.017427512075091273
0.6666666666666666,3030.1888033505447,0.017062922663454463
0.6666666666666666,3029.7161936560938,0.01682061863428012
0.6666666666666666,3029.4883674718094,0.016705960584881867
0.6666666666666666,3028.886227868018,0.016356466273001545
0.6666666666666666,3028.5285808210474,0.01601428349962367
0.6666666666666666,3028.2356026193584,0.015679259304904682
0.6666666666666666,3028.5448442524216,0.01535124392897234
0.6666666666666666,3028.9180885756277,0.01503009074498132
0.6666666666666666,3029.2913328988334,0.014715656193569208
0.6666666666666666,3029.66457722204,0.014407799718683634
0.6666666666666666,3029.7161936560938,0.014365735844788792
0.6666666666666666,3030.0378215452456,0.014106383704752203
0.6666666666666666,3030.4110658684517,0.013811273415166473
0.6666666666666666,3030.784310191658,0.013522336932053203
0.6666666666666666,3031.157554514864,0.013239445097305402
0.6666666666666666,3031.53079883807,0.012962471454847064
0.6666666666666666,3031.9040431612757,0.012691292194105861
0.6666666666666666,3032.2772874844813,0.012425786094668203
0.6666666666666666,3032.455029333735,0.012165834472092367
0.6666666666666666,3032.328256041709,0.011911321124854993
0.6666666666666666,3032.3068818585207,0.0116621322824077
0.6666666666666666,3032.5597932150786,0.011418156554320224
0.6666666666666666,3032.8127045716355,0.011179284880487512
0.6666666666666666,3033.065615928193,0.010945410482378631
0.6666666666666666,3033.3185272847504,0.010716428815305356
0.6666666666666666,3033.5714386413083,0.01049223752168953
0.6666666666666666,3033.8243499978653,0.010272736385307936
0.6666666666666666,3034.0772613544223,0.010057827286494413
0.6666666666666666,3034.33017271098,0.00984741415827924
0.6666666666666666,3034.583084067537,0.009641402943445959
0.6666666666666666,3034.8359954240946,0.009439701552486746
0.6666666666666666,3036.727879799666,0.009306005253441533
0.6666666666666666,3040.5785576076,0.009242219822437198
0.6666666666666666,3043.7395659432386,0.009207451635483395
0.6666666666666666,3050.7512520868113,0.00913079565486141
0.6666666666666666,3057.762938230384,0.009054777868128227
0.6666666666666666,3058.31037620819,0.00904886947657247
0.6666666666666666,3064.7746243739566,0.008979392962046213
0.6666666666666666,3071.7863105175293,0.008904635667612747
0.6666666666666666,3076.0421948087783,0.008859564084946477
0.6666666666666666,3078.797996661102,0.008830500759691886
0.6666666666666666,3085.8096828046746,0.008730182402302295
0.6666666666666666,3087.9040856843185,0.008674219025756639
0.6666666666666666,3085.8096828046746,0.008563175647537806
0.6666666666666666,3084.4672818947324,0.008492751447516966
0.6666666666666666,3081.030478105147,0.00831508023202238
0.6666666666666666,3078.797996661102,0.008201664756792341
0.6666666666666666,3077.5936743155603,0.008141125958087955
0.6666666666666666,3074.156870525974,0.007970810866046622
0.6666666666666666,3071.7863105175293,0.00785541574195684
0.6666666666666666,3070.720066736388,0.007804058822989715
0.6666666666666666,3067.2832629468016,0.0076407952887346114
0.6666666666666666,3064.7746243739566,0.00752378429365563
0.6666666666666666,3063.846459157216,0.007480947282504346
0.6666666666666666,3060.40965536763,0.007324443350304374
0.6666666666666666,3057.762938230384,0.007206153303269715
0.6666666666666666,3056.9728515780434,0.00717121353298171
0.6666666666666666,3053.5360477884574,0.007021189334952389
0.6666666666666666,3050.7512520868113,0.006901931714604516
0.6666666666666666,3050.099243998871,0.006874303693583092
0.6666666666666666,3046.6624402092857,0.0067304909492133125
0.6666666666666666,3043.7395659432386,0.006610553424036749
0.6666666666666666,3043.339708875356,0.006589686815804745
0.6666666666666666,3041.578259194932,0.006451828352204591
0.6666666666666666,3041.5012864114688,0.006316853934010153
0.6666666666666666,3041.6915740937325,0.0061847032260219335
0.6666666666666666,3041.8818617759966,0.00605531715527311
0.6666666666666666,3042.0721494582604,0.005928637884623185
0.6666666666666666,3042.262437140524,0.005804608786904068
0.6666666666666666,3042.452724822788,0.005683174419607086
0.6666666666666666,3042.6430125050515,0.005564280500099463
0.6666666666666666,3042.833300187315,0.005447873881359368
0.6666666666666666,3043.0235878695794,0.005333902528218529
0.6666666666666666,3043.1867670911306,0.005222315494101893
0.6666666666666666,3043.321234746573,0.005113062898253874
0.6666666666666666,3043.4557024020155,0.005006095903441069
0.6666666666666666,3043.5901700574586,0.0049013666941214095
0.6666666666666666,3043.7246377129004,0.004798828455070054
0.6666666666666666,3043.7395659432386,0.004787578061976619
0.6666666666666666,3043.8591053683435,0.0046984353504524005
0.6666666666666666,3043.9935730237858,0.004600142503334917
0.6666666666666666,3044.128040679228,0.0045039059756245975
0.6666666666666666,3044.2625083346707,0.004409682748428131
0.6666666666666666,3044.4737245896904,0.0043174307028218985
0.6666666666666666,3045.144941374605,0.004227108601024337
0.6666666666666666,3045.8161581595195,0.0041386760679621385
0.6666666666666666,3046.487374944434,0.004052093573222088
0.6666666666666666,3047.1585917293487,0.003967322413380525
0.6666666666666666,3047.8298085142633,0.003884324694702402
0.6666666666666666,3048.5010252991783,0.003803063316202365
0.6666666666666666,3049.1722420840924,0.003723501953060145
0.6666666666666666,3049.843458869007,0.0036456050403829133
0.6666666666666666,3050.5146756539216,0.0035693377573073714
0.6666666666666666,3050.7512520868113,0.0035428386805303916
0.6666666666666666,3051.1858924388366,0.003494666011434374
0.6666666666666666,3051.857109223751,0.0034215564235892397
0.6666666666666666,3052.5283260086653,0.0033499763129008304
0.6666666666666666,3053.101780570521,0.0032798936821928307
0.6666666666666666,3053.4233223050073,0.003211277203680609
0.6666666666666666,3053.5335676571494,0.003144096204967312
0.6666666666666666,3053.643813009292,0.0030783206553329527
0.6666666666666666,3053.7540583614336,0.003013921152310289
0.6666666666666666,3053.864303713576,0.002950868908541593
0.6666666666666666,3053.974549065718,0.002889135738910324
0.6666666666666666,3054.0847944178604,0.002828694047942066
0.6666666666666666,3054.1935214971472,0.002769516817469004
0.6666666666666666,3054.2712054650633,0.002711577594552468
0.6666666666666666,3054.348889432979,0.0026548504796581715
0.6666666666666666,3054.4265734008945,0.0025993101150787795
0.6666666666666666,3054.50425736881,0.0025449316735987287
0.6666666666666666,3054.5819413367262,0.002491690847396149
0.6666666666666666,3054.659625304642,0.002439563837176979
0.6666666666666666,3054.740702328728,0.0023885273415363848
0.6666666666666666,3055.243041552354,0.0023385585465427556
0.6666666666666666,3056.0485659790274,0.0022896351155396073
0.6666666666666666,3056.8723249609325,0.002241735179160809
0.6666666666666666,3057.696083942837,0.002194837325554729
0.6666666666666666,3057.762938230384,0.0021910745314489095
0.6666666666666666,3058.519842924742,0.00214892059081287
0.6666666666666666,3059.3436019066467,0.0021039644495987413
0.6666666666666666,3060.1673608885512,0.0020599488059728018
0.6666666666666666,3060.991119870456,0.0020168539844093126
0.6666666666666666,3061.8148788523604,0.001974660721001156
0.6666666666666666,3062.638637834266,0.0019333501548486206
0.6666666666666666,3063.462396816171,0.0018929038196283628
0.6666666666666666,3064.286155798075,0.001853303635338732
0.6666666666666666,3064.7746243739566,0.0018302141047012918
0.6666666666666666,3065.1099147799805,0.001814531900217785
0.6666666666666666,3065.5776762766986,0.0017765712828303967
0.6666666666666666,3065.642118803848,0.0017394048143208845
0.6666666666666666,3065.7065613309974,0.0017030158808277371
0.6666666666666666,3065.7710038581467,0.001667388216057011
0.6666666666666666,3065.835446385296,0.0016325058940110959
0.6666666666666666,3065.94352487187,0.0015983533218696122
0.6666666666666666,3066.600780437939,0.0015649152330192181
0.6666666666666666,3067.458290358999,0.0015321766802292628
0.6666666666666666,3068.315800280059,0.00150012302897018
0.6666666666666666,3069.17331020112,0.001468739950871681
0.6666666666666666,3070.03082012218,0.0014380134173178098
0.6666666666666666,3070.888330043241,0.001407929693175962
0.6666666666666666,3071.745839964301,0.0013784753306571322
0.6666666666666666,3071.7863105175293,0.0013771005485015094
0.6666666666666666,3072.6033498853612,0.001349637163304575
0.6666666666666666,3073.4608598064215,0.0013214023001082566
0.6666666666666666,3074.3183697274817,0.0012937581197423982
0.6666666666666666,3075.175879648542,0.001266692264923601
0.6666666666666666,3076.033389569602,0.0012401926368869928
0.6666666666666666,3076.8908994906624,0.0012142473899779277
0.6666666666666666,3077.748409411723,0.0011888449263568403
0.6666666666666666,3078.592812907981,0.001163973890814861
0.6666666666666666,3078.797996661102,0.001144044895949262
0.6666666666666666,3078.845262418885,0.001139623165697914
0.6666666666666666,3078.899010653541,0.0011157818659369835
0.6666666666666666,3078.9526709813476,0.001092439334182354
0.6666666666666666,3079.2322980074023,0.0010695851360396527
0.6666666666666666,3080.1059014742123,0.0010472090554055412
0.6666666666666666,3080.9795049410222,0.0010253010899010004
0.6666666666666666,3081.8531084078318,0.0010038514464001435
0.6666666666666666,3082.7267118746413,0.000982850536652567
0.6666666666666666,3083.6003153414513,0.0009622889729972887
0.6666666666666666,3084.473918808261,0.0009421575641663562
0.6666666666666666,3085.3475222750703,0.0009224473111762259
0.6666666666666666,3085.8096828046746,0.0009121873637940976
0.6666666666666666,3086.2211257418808,0.0009031494033051199
0.6666666666666666,3087.0947292086903,0.0008842552141545192
0.6666666666666666,3087.9683326755,0.0008657562977930622
0.6666666666666666,3088.84193614231,0.0008476443849811126
0.6666666666666666,3089.7155396091193,0.0008299113794743063
0.6666666666666666,3090.5891430759298,0.0008125493544044334
0.6666666666666666,3091.4627465427393,0.0007955505487360335
0.6666666666666666,3092.336350009549,0.0007789073637971122
0.6666666666666666,3092.8213689482473,0.0007698179615777529
0.6666666666666666,3093.2099534763584,0.000762612359882453
0.6666666666666666,3094.0835569431683,0.0007466582529279718
0.6666666666666666,3094.3765920248875,0.0007310379112546551
0.6666666666666666,3095.066687693838,0.0007157443523806101
0.6666666666666666,3095.94842571393,0.0007007707398998128
0.6666666666666666,3096.830163734022,0.0006861103804261534
0.6666666666666666,3097.711901754114,0.00067175672060141
0.6666666666666666,3098.593639774206,0.0006577033441658132
0.6666666666666666,3099.4753777942988,0.0006439439690899121
0.6666666666666666,3099.83305509182,0.0006384448839941892
0.6666666666666666,3104.054978704266,0.0006439439690899121
0.6666666666666666,3106.8447412353926,0.0006476036185113125
0.6666666666666666,3112.6499003017316,0.0006577033441658132
0.6666666666666666,3113.8564273789652,0.0006598221306053524
0.6666666666666666,3120.580939477783,0.0006717567206014093
0.6666666666666666,3120.868113522538,0.0006722711726617394
0.6666666666666666,3127.87979966611,0.0006849550941514374
0.6666666666666666,3128.5119786538335,0.0006861103804261541
0.6666666666666666,3134.891485809683,0.0006978783266080461
0.6666666666666666,3136.4400021096876,0.0007007707398998128
0.6666666666666666,3141.903171953256,0.0007114701343947259
0.6666666666666666,3144.038125020015,0.0007157443523806101
0.6666666666666666,3148.914858096828,0.0007256042322890688
0.6666666666666666,3151.5741299143683,0.0007310379112546551
0.6666666666666666,3155.9265442404007,0.0007400191188119574
0.6666666666666666,3159.1101348087213,0.0007466582529279718
0.6666666666666666,3162.938230383973,0.0007547203721229933
0.6666666666666666,3166.646139703075,0.000762612359882453
0.6666666666666666,3169.949916527546,0.0007697136811977535
0.6666666666666666,3174.1821445974283,0.0007789073637971122
0.6666666666666666,3176.9616026711187,0.00078500484802926
0.6666666666666666,3181.7181494917822,0.0007955505487360335
0.6666666666666666,3183.9732888146914,0.0008005997898731908
0.6666666666666666,3189.2541543861353,0.0008125493544044334
0.6666666666666666,3190.984974958264,0.0008165045415376937
0.6666666666666666,3196.7901592804888,0.0008299113794743063
0.6666666666666666,3197.9966611018367,0.0008327252577186861
0.6666666666666666,3205.0083472454094,0.0008438315332384016
0.6666666666666666,3207.9681085956854,0.0008476443849811126
0.6666666666666666,3212.0200333889816,0.0008528921466609964
0.6666666666666666,3219.0317195325542,0.0008620500481231594
0.6666666666666666,3221.8482349498863,0.0008657562977930622
0.6666666666666666,3226.043405676127,0.0008713062822520228
0.6666666666666666,3233.0550918196996,0.0008806619048913752
0.6666666666666666,3235.7283613040877,0.0008842552141545192
0.6666666666666666,3240.066777963272,0.0008901179832220867
0.6666666666666666,3247.078464106845,0.0008996755958838507
0.6666666666666666,3249.608487658289,0.0009031494033051189
0.6666666666666666,3254.0901502504175,0.0009093358330982181
0.6666666666666666,3261.10183639399,0.0009190997967929576
0.6666666666666666,3263.488614012489,0.0009224473111762259
0.6666666666666666,3268.113522537563,0.0009289686007277517
0.6666666666666666,3275.1252086811355,0.0009389601570773352
0.6666666666666666,3277.337952542076,0.0009421575641663562
0.6666666666666666,3282.136894824708,0.0009492135109231253
0.6666666666666666,3289.1485809682804,0.000959618001062823
0.6666666666666666,3290.9363120934936,0.0009622889729972897
0.6666666666666666,3296.160267111853,0.0009701365365820083
0.6666666666666666,3303.171953255426,0.0009753786741422547
0.6666666666666666,3310.183639398998,0.0009741269395098803
0.6666666666666666,3317.195325542571,0.0009723612584178124
0.6666666666666666,3324.207011686144,0.0009696806997835813
0.6666666666666666,3331.2186978297163,0.0009670033858309137
0.6666666666666666,3338.230383973289,0.0009643334640125864
0.6666666666666666,3343.612715311428,0.0009622889729972897
0.6666666666666666,3345.2420701168617,0.0009616709139187252
0.6666666666666666,3352.2537562604343,0.0009590157151958013
0.6666666666666666,3359.265442404007,0.000956367847546487
0.6666666666666666,3366.2771285475797,0.0009537272907294962
0.6666666666666666,3373.288814691152,0.0009510940245594261
0.6666666666666666,3380.3005008347245,0.0009484680289066086
0.6666666666666666,3387.312186978297,0.0009458492836969569
0.6666666666666666,3394.32387312187,0.0009432377689118037
0.6666666666666666,3396.6169404014036,0.0009421575641663562
0.6666666666666666,3401.3355592654425,0.0009399386350987493
0.6666666666666666,3408.347245409015,0.0009337140453895355
0.6666666666666666,3415.358931552588,0.0009275306770064802
0.6666666666666666,3421.1583590838854,0.0009224473111762259
0.6666666666666666,3422.37061769616,0.000921359462169743
0.6666666666666666,3429.382303839733,0.0009143624542523355
0.6666666666666666,3436.393989983306,0.0009073882226941179
0.6666666666666666,3440.6819534276237,0.0009031494033051189
0.6666666666666666,3443.4056761268785,0.0009004671865679749
0.6666666666666666,3450.417362270451,0.00089359894012971
0.6666666666666666,3457.4290484140233,0.0008867830807299074
0.6666666666666666,3460.043252045679,0.0008842552141545192
0.6666666666666666,3464.440734557596,0.0008800192087903296
0.6666666666666666,3471.4524207011686,0.0008733069277804957
0.6666666666666666,3478.4641068447413,0.000866645844194428
0.6666666666666666,3479.404550663735,0.0008657562977930622
0.6666666666666666,3485.4757929883135,0.0008600355675275878
0.6666666666666666,3492.4874791318866,0.0008534757102539798
0.6666666666666666,3498.7658492817914,0.0008476443849811134
0.6666666666666666,3499.4991652754593,0.0008469658878034359
0.6666666666666666,3506.510851419032,0.0008376474898827643
0.6666666666666666,3512.2553907723473,0.0008299113794743063
0.6666666666666666,3513.5225375626046,0.0008282080198228022
0.6666666666666666,3520.5342237061773,0.0008185798285918604
0.6666666666666666,3524.9021313901912,0.0008125493544044343
0.6666666666666666,3527.5459098497495,0.000808920872626977
0.6666666666666666,3534.557595993322,0.0007993758889676317
0.6666666666666666,3537.391196431289,0.0007955505487360335
0.6666666666666666,3541.569282136895,0.0007899435327804402
0.6666666666666666,3548.5809682804675,0.0007806224751005842
0.6666666666666666,3549.8802614723863,0.0007789073637971122
0.6666666666666666,3555.59265442404,0.0007714114026445656
0.6666666666666666,3562.3693265134843,0.000762612359882453
0.6666666666666666,3562.604340567613,0.0007623090176251715
0.6666666666666666,3569.6160267111854,0.0007533140375686249
0.6666666666666666,3574.8583915545823,0.0007466582529279718
0.6666666666666666,3576.627712854758,0.000744425195133891
0.6666666666666666,3583.6393989983308,0.0007356412379341178
0.6666666666666666,3587.34745659568,0.0007310379112546543
0.6666666666666666,3590.6510851419034,0.0007269609283601803
0.6666666666666666,3597.662771285476,0.0007183830434063069
0.6666666666666666,3598.579749194504,0.0007310379112546551
0.6666666666666666,3599.6899622215906,0.0007466582529279718
0.6666666666666666,3600.800175248677,0.000762612359882453
0.6666666666666666,3601.9103882757636,0.0007789073637971122
0.6666666666666666,3603.0206013028496,0.0007955505487360335
0.6666666666666666,3604.1308143299357,0.0008125493544044343
0.6666666666666666,3604.6744574290487,0.0008210052360202258
0.6666666666666666,3605.0413005644505,0.0008299113794743063
0.6666666666666666,3605.760142154363,0.0008476443849811126
0.6666666666666666,3606.478983744275,0.0008657562977930622
0.6666666666666666,3607.197825334187,0.0008842552141545192
0.6666666666666666,3607.9166669240994,0.0009031494033051199
0.6666666666666666,3608.6355085140112,0.0009224473111762259
0.6666666666666666,3609.354350103924,0.0009421575641663562
0.6666666666666666,3610.0731916938357,0.0009622889729972897
0.6666666666666666,3610.7920332837475,0.000982850536652567
0.6666666666666666,3611.51087487366,0.0010038514464001435
0.6666666666666666,3611.6861435726214,0.0010090395905142167
0.6666666666666666,3612.229716463572,0.0010253010899010004
0.6666666666666666,3612.948558053484,0.0010472090554055412
0.6666666666666666,3613.667399643396,0.0010695851360396527
0.6666666666666666,3614.3862412333083,0.001092439334182354
0.6666666666666666,3615.1050828232205,0.0011157818659369835
0.6666666666666666,3615.8239244131328,0.001139623165697914
0.6666666666666666,3616.542766003045,0.001163973890814861
0.6666666666666666,3617.216329217524,0.0011888449263568403
0.6666666666666666,3617.85025831674,0.0012142473899779288
0.6666666666666666,3618.484187415955,0.001240192636886994
0.6666666666666666,3618.697829716193,0.0012490608353151339
0.6666666666666666,3619.1181165151706,0.001266692264923601
0.6666666666666666,3619.7520456143866,0.0012937581197423982
0.6666666666666666,3620.385974713601,0.0013214023001082566
0.6666666666666666,3621.0199038128176,0.001349637163304575
0.6666666666666666,3621.653832912033,0.0013784753306571322
0.6666666666666666,3622.287762011248,0.001407929693175962
0.6666666666666666,3622.921691110464,0.0014380134173178098
0.6666666666666666,3623.5556202096795,0.001468739950871681
0.6666666666666666,3624.1895493088946,0.0015001230289701769
0.6666666666666666,3624.82347840811,0.0015321766802292628
0.6666666666666666,3625.4574075073256,0.0015649152330192181
0.6666666666666666,3625.7095158597663,0.0015781286760452233
0.6666666666666666,3626.0913366065415,0.0015983533218696122
0.6666666666666666,3626.7252657057566,0.0016325058940110959
0.6666666666666666,3627.3591948049725,0.001667388216057011
0.6666666666666666,3627.993123904188,0.0017030158808277371
0.6666666666666666,3628.6270530034035,0.0017394048143208845
0.6666666666666666,3629.260982102619,0.0017765712828303967
0.6666666666666666,3629.894911201834,0.001814531900217785
0.6666666666666666,3630.5288403010495,0.001853303635338732
0.6666666666666666,3632.1393410614105,0.0018929038196283628
0.6666666666666666,3632.721202003339,0.0019037344756521355
0.6666666666666666,3635.023132974548,0.0019333501548486206
0.6666666666666666,3638.1758494274054,0.001974660721001156
0.6666666666666666,3639.7328881469116,0.0019953873118766724
0.6666666666666666,3641.3285658802624,0.0020168539844093105
0.6666666666666666,3644.4812823331204,0.0020599488059728018
0.6666666666666666,3646.7445742904843,0.0020914526554626153
0.6666666666666666,3647.6339987859774,0.0021039644495987413
0.6666666666666666,3650.7867152388344,0.00214892059081287
0.6666666666666666,3653.756260434057,0.002192142940874833
0.6666666666666666,3653.9394316916914,0.002194837325554729
0.6666666666666666,3657.092148144549,0.002241735179160809
0.6666666666666666,3660.2448645974064,0.0022896351155396073
0.6666666666666666,3660.7679465776296,0.002297680829960934
0.6666666666666666,3663.3975810502634,0.0023385585465427556
0.6666666666666666,3666.5502975031213,0.0023885273415363848
0.6666666666666666,3660.8188293827093,0.002439563837176979
0.6666666666666666,3660.7679465776296,0.0024398652010199345
0.6666666666666666,3653.756260434057,0.002481751390624115
0.6666666666666666,3652.109785759954,0.0024916908473961515
0.6666666666666666,3646.7445742904847,0.0025243566580194906
0.6666666666666666,3643.4007421371994,0.0025449316735987287
0.6666666666666666,3639.732888146911,0.0025676933479162004
0.6666666666666666,3636.0629529935977,0.0025993101150787795
0.6666666666666666,3635.094291283111,0.0026548504796581715
0.6666666666666666,3635.3424066663833,0.002711577594552468
0.6666666666666666,3635.5905220496556,0.002769516817469004
0.6666666666666666,3635.838637432928,0.002828694047942066
0.6666666666666666,3636.0867528162003,0.002889135738910324
0.6666666666666666,3636.3348681994726,0.002950868908541593
0.6666666666666666,3636.5829835827444,0.003013921152310289
0.6666666666666666,3636.8310989660167,0.0030783206553329527
0.6666666666666666,3637.079214349289,0.003144096204967312
0.6666666666666666,3637.3273297325613,0.003211277203680609
0.6666666666666666,3637.5754451158336,0.0032798936821928307
0.6666666666666666,3637.823560499106,0.0033499763129008304
0.6666666666666666,3638.0716758823787,0.0034215564235892397
0.6666666666666666,3638.3197912656506,0.003494666011434374
0.6666666666666666,3638.637388469446,0.0035693377573073714
0.6666666666666666,3639.1035066748677,0.0036456050403829133
0.6666666666666666,3639.582527214459,0.003723501953060145
0.6666666666666666,3639.732888146912,0.0037482947708672126
0.6666666666666666,3640.06154775405,0.0038030633162023687
0.6666666666666666,3640.540568293641,0.003884324694702402
0.6666666666666666,3641.0195888332323,0.003967322413380525
0.6666666666666666,3641.5737658710013,0.004052093573222093
0.6666666666666666,3641.658692115582,0.0041386760679621385
0.6666666666666666,3641.463177208492,0.004227108601024337
0.6666666666666666,3641.2676623014017,0.0043174307028218985
0.6666666666666666,3641.0721473943113,0.004409682748428131
0.6666666666666666,3640.8766324872213,0.0045039059756245975
0.6666666666666666,3640.681117580131,0.004600142503334917
0.6666666666666666,3640.4851342189168,0.0046984353504524005
0.6666666666666666,3640.1033082648614,0.004798828455070054
0.6666666666666666,3639.7328881469116,0.004850041071108557
0.6666666666666666,3639.3655543538816,0.0049013666941214095
0.6666666666666666,3638.627800442902,0.005006095903441064
0.6666666666666666,3637.890046531922,0.005113062898253874
0.6666666666666666,3637.1522926209423,0.005222315494101893
0.6666666666666666,3636.4145387099625,0.005333902528218535
0.6666666666666666,3635.676784798983,0.005447873881359368
0.6666666666666666,3634.9390308880033,0.005564280500099463
0.6666666666666666,3634.375319516837,0.0056548993404321275
0.6666666666666666,,
0.6666666666666666,3906.1769616026713,0.003324038947746741
0.6666666666666666,3905.811024133411,0.0033499763129008304
0.6666666666666666,3905.750481078928,0.003354287027794493
0.6666666666666666,,
0.6666666666666666,3893.5437213321798,0.0034215564235892397
0.6666666666666666,3892.553420891851,0.0033499763129008304
0.6666666666666666,3892.153589315526,0.0033215021393530253
0.6666666666666666,3891.5631204515216,0.0032798936821928307
0.6666666666666666,3890.5728200111926,0.003211277203680609
0.6666666666666666,3889.582519570863,0.003144096204967312
0.6666666666666666,3888.5922191305344,0.0030783206553329527
0.6666666666666666,3887.6019186902054,0.003013921152310289
0.6666666666666666,3886.6116182498763,0.002950868908541593
0.6666666666666666,3885.621317809547,0.002889135738910324
0.6666666666666666,3885.26820802145,0.002828694047942066
0.6666666666666666,3885.8053950989606,0.002769516817469001
0.6666666666666666,3886.06535283377,0.002711577594552468
0.6666666666666666,3885.627820516146,0.0026548504796581715
0.6666666666666666,3885.1902881985225,0.0025993101150787795
0.6666666666666666,3885.1419031719533,0.0025932399164967346
0.6666666666666666,3884.7527558808993,0.0025449316735987287
0.6666666666666666,3884.3152235632756,0.0024916908473961515
0.6666666666666666,3883.8776912456524,0.002439563837176979
0.6666666666666666,3883.7152970344905,0.0023885273415363848
0.6666666666666666,3883.5649790820976,0.0023385585465427556
0.6666666666666666,3883.4146611297056,0.0022896351155396047
0.6666666666666666,3883.2643431773126,0.002241735179160809
0.6666666666666666,3883.1140252249197,0.002194837325554729
0.6666666666666666,3882.9637072725272,0.00214892059081287
0.6666666666666666,3882.813389320135,0.0021039644495987413
0.6666666666666666,3882.695075475866,0.0020599488059728018
0.6666666666666666,3882.8226083262934,0.0020168539844093126
0.6666666666666666,3883.0948044798124,0.001974660721001156
0.6666666666666666,3883.367000633331,0.0019333501548486206
0.6666666666666666,3883.6391967868494,0.0018929038196283628
0.6666666666666666,3883.9113929403684,0.001853303635338732
0.6666666666666666,3884.183589093887,0.001814531900217785
0.6666666666666666,3884.4561918137506,0.0017765712828303967
0.6666666666666666,3884.728991983995,0.0017394048143208845
0.6666666666666666,3885.0018500982515,0.0017030158808277371
0.6666666666666666,3885.1419031719533,0.0016846353673294469
0.6666666666666666,3885.2747170862804,0.001667388216057011
0.6666666666666666,3885.5475840743097,0.0016325058940110959
0.6666666666666666,3885.8204510623386,0.0015983533218696122
0.6666666666666666,3886.093318050368,0.0015649152330192181
0.6666666666666666,3886.366185038397,0.0015321766802292628
0.6666666666666666,3886.639052026426,0.0015001230289701784
0.6666666666666666,3886.9119190144547,0.001468739950871681
0.6666666666666666,3887.1847860024836,0.0014380134173178098
0.6666666666666666,3887.4576529905125,0.001407929693175962
0.6666666666666666,3887.7305199785415,0.0013784753306571322
0.6666666666666666,3888.003386966571,0.0013496371633045766
0.6666666666666666,3888.2762539546,0.0013214023001082566
0.6666666666666666,3888.549120942629,0.0012937581197423982
0.6666666666666666,3888.821987930658,0.001266692264923601
0.6666666666666666,3889.094854918687,0.001240192636886994
0.6666666666666666,3889.367721906716,0.0012142473899779288
0.6666666666666666,3889.640588894745,0.0011888449263568403
0.6666666666666666,3889.9134558827736,0.001163973890814861
0.6666666666666666,3890.186322870803,0.001139623165697914
0.6666666666666666,3890.4591898588324,0.0011157818659369835
0.6666666666666666,3890.7320568468613,0.001092439334182354
0.6666666666666666,3890.8987205867375,0.0010695851360396527
0.6666666666666666,3891.0319534467235,0.0010472090554055412
0.6666666666666666,3891.3881881750694,0.0010253010899010004
0.6666666666666666,3891.956934629773,0.0010038514464001435
0.6666666666666666,3892.1535893155265,0.0009971460834907657
0.6666666666666666,3892.5874822321284,0.000982850536652567
0.6666666666666666,3893.222755016229,0.0009622889729972897
0.6666666666666666,3893.858027800329,0.0009421575641663562
0.6666666666666666,3894.4933005844296,0.0009224473111762259
0.6666666666666666,3895.12857336853,0.0009031494033051199
0.6666666666666666,3895.763846152631,0.0008842552141545192
0.6666666666666666,3896.3991189367316,0.0008657562977930622
0.6666666666666666,3897.0343917208315,0.0008476443849811126
0.6666666666666666,3897.669664504932,0.0008299113794743063
0.6666666666666666,3898.3049372890328,0.0008125493544044343
0.6666666666666666,3898.9402100731327,0.0007955505487360335
0.6666666666666666,3899.165275459098,0.0007896138869551909
0.6666666666666666,3899.4746357792424,0.0007955505487360335
0.6666666666666666,3900.347840652681,0.0008125493544044343
0.6666666666666666,3901.2210455261197,0.0008299113794743063
0.6666666666666666,3902.0942503995593,0.0008476443849811126
0.6666666666666666,3902.9674552729975,0.0008657562977930622
0.6666666666666666,3903.8406601464367,0.0008842552141545192
0.6666666666666666,3904.713865019876,0.0009031494033051199
0.6666666666666666,3905.587069893315,0.0009224473111762259
0.6666666666666666,3906.1769616026713,0.0009357168059640991
0.6666666666666666,3906.3914492839417,0.0009421575641663553
0.6666666666666666,3907.052525832166,0.0009622889729972897
0.6666666666666666,3907.71360238039,0.000982850536652567
0.6666666666666666,3908.275275812508,0.0010038514464001435
0.6666666666666666,3908.7380535616003,0.0010253010899010004
0.6666666666666666,3909.068407825402,0.0010472090554055412
0.6666666666666666,3909.2216997076866,0.0010695851360396527
0.6666666666666666,3909.3753500722105,0.001092439334182354
0.6666666666666666,3909.620574315132,0.0011157818659369824
0.6666666666666666,3909.8859591859773,0.001139623165697914
0.6666666666666666,3910.1601817487185,0.001163973890814861
0.6666666666666666,3910.4350408242726,0.0011888449263568403
0.6666666666666666,3910.709899899827,0.0012142473899779288
0.6666666666666666,3910.9847589753817,0.001240192636886994
0.6666666666666666,3911.2596180509368,0.001266692264923601
0.6666666666666666,3911.534477126491,0.0012937581197423982
0.6666666666666666,3911.8093362020454,0.0013214023001082566
0.6666666666666666,3912.0841952776,0.0013496371633045779
0.6666666666666666,3912.3590543531545,0.0013784753306571322
0.6666666666666666,3912.6339134287086,0.001407929693175962
0.6666666666666666,3912.908772504263,0.0014380134173178098
0.6666666666666666,3913.1836315798178,0.001468739950871681
0.6666666666666666,3913.188647746244,0.0014693067668802894
0.6666666666666666,3913.4584906553728,0.0015001230289701769
0.6666666666666666,3913.7333497309264,0.0015321766802292628
0.6666666666666666,3914.0082088064814,0.0015649152330192166
0.6666666666666666,3914.2830678820355,0.0015983533218696122
0.6666666666666666,3914.55792695759,0.0016325058940110959
0.6666666666666666,3914.832786033145,0.001667388216057011
0.6666666666666666,3915.107645108699,0.0017030158808277371
0.6666666666666666,3915.382504184254,0.0017394048143208845
0.6666666666666666,3915.6573632598083,0.0017765712828303967
0.6666666666666666,3915.932222335363,0.001814531900217785
0.6666666666666666,3916.207081410917,0.001853303635338732
0.6666666666666666,3916.4903714346324,0.0018929038196283628
0.6666666666666666,3916.819598946304,0.0019333501548486206
0.6666666666666666,3917.1670311922253,0.001974660721001156
0.6666666666666666,3917.317936631688,0.0020168539844093126
0.6666666666666666,3917.1690740442286,0.0020599488059728018
0.6666666666666666,3917.020211456769,0.0021039644495987413
0.6666666666666666,3916.8713488693093,0.00214892059081287
0.6666666666666666,3916.7224862818493,0.002194837325554729
0.6666666666666666,3916.5736236943894,0.002241735179160809
0.6666666666666666,3916.424761106929,0.0022896351155396095
0.6666666666666666,3916.2758985194696,0.0023385585465427556
0.6666666666666666,3916.207914662189,0.0023885273415363848
0.6666666666666666,3916.0114827174602,0.002439563837176979
0.6666666666666666,3915.576958031901,0.0024916908473961515
0.6666666666666666,3915.142433346343,0.0025449316735987287
0.6666666666666666,3914.7079086607846,0.0025993101150787795
0.6666666666666666,3914.2733839752264,0.0026548504796581715
0.6666666666666666,3913.720715651425,0.002711577594552468
0.6666666666666666,3913.188647746244,0.0027508067290676883
0.6666666666666666,3912.937548104938,0.002769516817469004
0.6666666666666666,3912.15438055845,0.002828694047942066
0.6666666666666666,3911.3712130119625,0.002889135738910324
0.6666666666666666,3910.5880454654753,0.002950868908541593
0.6666666666666666,3909.804877918987,0.003013921152310289
0.6666666666666666,3909.0217103724995,0.0030783206553329557
0.6666666666666666,3908.2385428260122,0.003144096204967312
0.6666666666666666,3907.4553752795246,0.003211277203680609
0.6666666666666666,3906.7344794740266,0.0032743845568043
0.6666666666666666,,
0.6666666666666666,1608.665786482734,0.5665260402998513
0.6666666666666666,1608.6657864827334,0.5585711028200959
0.6666666666666666,1608.6657864827334,0.5468856075608165
0.6666666666666666,1608.6657864827334,0.5354445767909553
0.6666666666666666,1608.6657864827334,0.524242896231207
0.6666666666666666,1608.6657864827334,0.5132755585947061
0.6666666666666666,1608.6657864827334,0.5025376613487144
0.6666666666666666,1608.6657864827334,0.49202440452312607
0.6666666666666666,1608.6657864827334,0.4817310885648235
0.6666666666666666,1608.6657864827334,0.4716531122369212
0.6666666666666666,1608.6657864827334,0.4617859705619533
0.6666666666666666,1608.6657864827334,0.4521252528081001
0.6666666666666666,1608.6657864827334,0.4426666405175334
0.6666666666666666,1608.6657864827334,0.43340590557601455
0.6666666666666666,1608.6657864827334,0.4243389083228772
0.6666666666666666,1608.6657864827334,0.4154615957005451
0.6666666666666666,1608.6657864827334,0.4067699994427719
0.6666666666666666,1608.6657864827334,0.39826023430077434
0.6666666666666666,1608.6657864827334,0.3899284963064806
0.6666666666666666,1608.6657864827334,0.3817710610721074
0.6666666666666666,1608.6657864827334,0.3737842821253185
0.6666666666666666,1608.6657864827334,0.36596458927920406
0.6666666666666666,1608.6657864827334,0.35830848703636453
0.6666666666666666,1608.6657864827334,0.350812553026382
0.6666666666666666,1608.6657864827334,0.343473436475976
0.6666666666666666,1608.6657864827334,0.33628785671117184
0.6666666666666666,1608.6657864827334,0.3292526016907965
0.6666666666666666,1608.6657864827334,0.3223645265706584
0.6666666666666666,1608.6657864827334,0.3156205522977641
0.6666666666666666,1608.6657864827334,0.30901766423394217
0.6666666666666666,1608.6657864827334,0.3025529108082671
0.6666666666666666,1608.6657864827334,0.29622340219766874
0.6666666666666666,1608.6657864827334,0.2900263090351473
0.6666666666666666,1608.6657864827334,0.2839588611450123
0.6666666666666666,1608.6657864827334,0.27801834630457817
0.6666666666666666,1608.6657864827334,0.2722021090317717
0.6666666666666666,1608.6657864827334,0.26650754939809673
0.6666666666666666,1609.2383568016708,0.26093212186643533
0.6666666666666666,1610.364346439496,0.25547333415316237
0.6666666666666666,1612.7334713145017,0.2501287461140625
0.6666666666666666,1613.355592654424,0.24874391346509842
0.6666666666666666,1615.1025961895073,0.2448959686535594
0.6666666666666666,1617.4717210645128,0.23977266265675864
0.6666666666666666,1619.1516948292337,0.23475653794383644
0.6666666666666666,1619.1516948292337,0.2298453522462994
0.6666666666666666,1619.1516948292337,0.22503691020466626
0.6666666666666666,1619.1516948292337,0.22032906238711364
0.6666666666666666,1619.1516948292337,0.21571970432865473
0.6666666666666666,1619.1516948292337,0.211206775590418
0.6666666666666666,1619.1516948292337,0.20678825883860452
0.6666666666666666,1619.1516948292337,0.20246217894271806
0.6666666666666666,1619.1516948292337,0.19822660209265586
0.6666666666666666,1619.1516948292337,0.1940796349342727
0.6666666666666666,1619.1516948292337,0.190019423723029
0.6666666666666666,1619.1516948292337,0.186044153495343
0.6666666666666666,1619.1516948292337,0.1821520472572824
0.6666666666666666,1619.1516948292337,0.178341365190225
0.6666666666666666,1619.1516948292337,0.1746104038731391
0.6666666666666666,1619.1516948292337,0.17095749552113398
0.6666666666666666,1619.1516948292337,0.1673810072399385
0.6666666666666666,1620.0579840903101,0.16387934029597978
0.6666666666666666,1620.3672787979967,0.16334740246827237
0.6666666666666666,1622.1358789148928,0.16045092940172823
0.6666666666666666,1624.2258714640138,0.1570942420159958
0.6666666666666666,1626.3158640131355,0.15380777765887155
0.6666666666666666,1627.3789649415694,0.15216254832854392
0.6666666666666666,1628.405856562257,0.15059006724098778
0.6666666666666666,1628.683470304075,0.14743967240682124
0.6666666666666666,1628.683470304075,0.1443551848917295
0.6666666666666666,1628.683470304075,0.1413352258924401
0.6666666666666666,1628.683470304075,0.13837844545070782
0.6666666666666666,1628.683470304075,0.13548352184986856
0.6666666666666666,1628.683470304075,0.13264916102401497
0.6666666666666666,1628.683470304075,0.12987409597953348
0.6666666666666666,1628.683470304075,0.1271570862287432
0.6666666666666666,1628.683470304075,0.12449691723538167
0.6666666666666666,1628.683470304075,0.12189239987169428
0.6666666666666666,1628.683470304075,0.11934236988687848
0.6666666666666666,1628.683470304075,0.11684568738664994
0.6666666666666666,1629.0706785153066,0.11440123632369623
0.6666666666666666,1631.1742951069791,0.11200792399878919
0.6666666666666666,1633.2779116986517,0.10966468057233657
0.6666666666666666,1634.390651085142,0.10844507612306055
0.6666666666666666,1635.3815282903242,0.10737045858614984
0.6666666666666666,1637.4851448819968,0.10512423249521792
0.6666666666666666,1639.5402018877592,0.10292499820927636
0.6666666666666666,1640.402203940225,0.10077177264396599
0.6666666666666666,1640.402203940225,0.09866359328138354
0.6666666666666666,1640.402203940225,0.09659951773982377
0.6666666666666666,1640.402203940225,0.09457862335252326
0.6666666666666666,1640.402203940225,0.09260000675521775
0.6666666666666666,1640.402203940225,0.0906627834823271
0.6666666666666666,1640.402203940225,0.08876608757158817
0.6666666666666666,1640.402203940225,0.08690907117695988
0.6666666666666666,1640.402203940225,0.08509090418962498
0.6666666666666666,1640.4175105507716,0.08331077386692215
0.6666666666666666,1641.4023372287147,0.08236359739360766
0.6666666666666666,1642.3860037467502,0.0815678844690394
0.6666666666666666,1644.5282628202913,0.07986145690330941
0.6666666666666666,1646.6705218938318,0.07819072837594537
0.6666666666666666,1648.4140233722871,0.07685681976273903
0.6666666666666666,1648.812780967373,0.0765549520510627
0.6666666666666666,1650.955040040914,0.07495339671683494
0.6666666666666666,1653.0972991144545,0.07338534645863251
0.6666666666666666,1655.1863588150827,0.07185010033900086
0.6666666666666666,1655.1863588150825,0.07034697208433258
0.6666666666666666,1655.1863588150827,0.0688752897780947
0.6666666666666666,1655.1863588150827,0.06743439556047413
0.6666666666666666,1655.1863588150827,0.06602364533430628
0.6666666666666666,1655.1863588150827,0.06464240847715577
0.6666666666666666,1655.1863588150827,0.06329006755942033
0.6666666666666666,1655.4257095158598,0.062341002981513134
0.6666666666666666,1655.5400200699335,0.06196601806833293
0.6666666666666666,1657.7320261436453,0.06066966813773669
0.6666666666666666,1659.9240322173573,0.05940043828351361
0.6666666666666666,1662.1160382910691,0.05815776114454846
0.6666666666666666,1662.4373956594325,0.05797777757517112
0.6666666666666666,1664.308044364781,0.05694108122911107
0.6666666666666666,1666.5000504384932,0.055749854666545175
0.6666666666666666,1668.692056512205,0.054583548964151504
0.6666666666666666,1669.449081803005,0.054186451242284835
0.6666666666666666,1670.884062585917,0.053441642769156895
0.6666666666666666,1673.0760686596286,0.0523236256356637
0.6666666666666666,1673.9659769080438,0.05122899779647384
0.6666666666666666,1673.9659769080438,0.05015726993968725
0.6666666666666666,1673.9659769080438,0.049107962989973115
0.6666666666666666,1673.986346988862,0.04808060789441776
0.6666666666666666,1675.7056150352616,0.04707474541285215
0.6666666666666666,1676.4607679465776,0.046741767594573186
0.6666666666666666,1677.9547660751591,0.04608992591256582
0.6666666666666666,1680.2039171150568,0.04512570916731599
0.6666666666666666,1682.4530681549545,0.04418166416054065
0.6666666666666666,1683.4724540901502,0.04376032238126896
0.6666666666666666,1684.7022191948522,0.04325736889268941
0.6666666666666666,1686.95137023475,0.04235241019258422
0.6666666666666666,1689.2005212746474,0.041466383532726914
0.6666666666666666,1690.4841402337229,0.04096905002657446
0.6666666666666666,1691.4496723145448,0.04059889284847076
0.6666666666666666,1693.6988233544428,0.03974955036097441
0.6666666666666666,1695.9479743943402,0.038917976403860424
0.6666666666666666,1697.4958263772955,0.03824580481950865
0.6666666666666666,1704.5075125208682,0.038751641564901074
0.6666666666666666,1704.8656863348372,0.038917976403860424
0.6666666666666666,1707.5522115085953,0.03974955036097441
0.6666666666666666,1710.2479087289012,0.04059889284847076
0.6666666666666666,1711.5191986644409,0.04100571645927743
0.6666666666666666,1712.9436059492066,0.041466383532726914
0.6666666666666666,1715.6393031695125,0.04235241019258422
0.6666666666666666,1718.3350003898179,0.04325736889268941
0.6666666666666666,1718.5308848080135,0.04332387692291784
0.6666666666666666,1721.0306976101238,0.04418166416054067
0.6666666666666666,1723.7263948304294,0.04512570916731599
0.6666666666666666,1725.5425709515862,0.045773089064207066
0.6666666666666666,1726.4220920507353,0.04608992591256582
0.6666666666666666,1729.1177892710407,0.04707474541285215
0.6666666666666666,1731.8134864913466,0.04808060789441776
0.6666666666666666,1732.5542570951588,0.048391320834119095
0.6666666666666666,1734.1142097095837,0.049107962989973115
0.6666666666666666,1734.8752027583052,0.05015726993968725
0.6666666666666666,1735.6361958070265,0.05122899779647384
0.6666666666666666,1736.397188855748,0.0523236256356637
0.6666666666666666,1737.2428509855042,0.053441642769156895
0.6666666666666666,1739.3500987161203,0.054583548964151504
0.6666666666666666,1739.5659432387313,0.05467403489264968
0.6666666666666666,1742.1051712561139,0.055749854666545175
0.6666666666666666,1744.860243796108,0.05694108122911107
0.6666666666666666,1746.5776293823037,0.05769648125050529
0.6666666666666666,1747.6153163361014,0.05815776114454846
0.6666666666666666,1750.3703888760951,0.05940043828351361
0.6666666666666666,1753.125461416089,0.06066966813773669
0.6666666666666666,1753.5893155258764,0.06088601207549491
0.6666666666666666,1755.8805339560824,0.06196601806833293
0.6666666666666666,1758.1183462050994,0.06329006755942033
0.6666666666666666,1758.8639266847395,0.06464240847715574
0.6666666666666666,1759.6095071643788,0.06602364533430628
0.6666666666666666,1760.3550876440186,0.06743439556047418
0.6666666666666666,1760.601001669449,0.06790628136673825
0.6666666666666666,1761.1006681236586,0.06887528977809468
0.6666666666666666,1761.8462486032984,0.07034697208433258
0.6666666666666666,1762.591829082938,0.07185010033900086
0.6666666666666666,1763.3374095625777,0.07338534645863251
0.6666666666666666,1764.5169045530765,0.07495339671683494
0.6666666666666666,1767.1596078845369,0.0765549520510627
0.6666666666666666,1767.6126878130217,0.07681630133968681
0.6666666666666666,1769.970334508978,0.07819072837594537
0.6666666666666666,1772.7810611334191,0.07986145690330941
0.6666666666666666,1774.6243739565944,0.08097647914550858
0.6666666666666666,1775.5594312424205,0.0815678844690394
0.6666666666666666,1776.8830566723714,0.08331077386692215
0.6666666666666666,1777.6171879093536,0.08509090418962498
0.6666666666666666,1778.3513191463362,0.08690907117695988
0.6666666666666666,1779.0854503833184,0.08876608757158817
0.6666666666666666,1779.8195816203008,0.0906627834823271
0.6666666666666666,1780.5537128572832,0.09260000675521775
0.6666666666666666,1781.2878440942654,0.09457862335252326
0.6666666666666666,1781.636060100167,0.09553185621070828
0.6666666666666666,1782.0219753312479,0.09659951773982377
0.6666666666666666,1782.7561065682303,0.09866359328138354
0.6666666666666666,1783.4902378052125,0.10077177264396599
0.6666666666666666,1784.2243690421951,0.10292499820927636
0.6666666666666666,1785.1917608637589,0.10512423249521792
0.6666666666666666,1787.6711711343155,0.10737045858614984
0.6666666666666666,1788.6477462437397,0.10815001425684015
0.6666666666666666,1790.3086502206859,0.1096646805723366
0.6666666666666666,1791.260230101982,0.11200792399878919
0.6666666666666666,1791.9935421772022,0.11440123632369623
0.6666666666666666,1792.7268542524225,0.11684568738664994
0.6666666666666666,1793.4601663276428,0.11934236988687848
0.6666666666666666,1794.193478402863,0.12189239987169428
0.6666666666666666,1794.9267904780836,0.12449691723538167
0.6666666666666666,1795.659432387312,0.12715462936270705
0.6666666666666666,1797.0361736493649,0.12449691723538167
0.6666666666666666,1798.4141742512961,0.12189239987169428
0.6666666666666666,1799.7921748532274,0.11934236988687848
0.6666666666666666,1801.1701754551586,0.11684568738664994
0.6666666666666666,1802.54817605709,0.11440123632369623
0.6666666666666666,1802.6711185308852,0.11418564797810897
0.6666666666666666,1802.8921334549357,0.11200792399878919
0.6666666666666666,1803.1347984690494,0.10966468057233657
0.6666666666666666,1803.5084150999774,0.10737045858614984
0.6666666666666666,1803.7532542657414,0.10512423249521792
0.6666666666666666,1803.9364395363568,0.10292499820927636
0.6666666666666666,1804.119624806972,0.10077177264396599
0.6666666666666666,1804.3028100775873,0.09866359328138354
0.6666666666666666,1804.4859953482026,0.09659951773982377
0.6666666666666666,1804.6691806188178,0.09457862335252326
0.6666666666666666,1804.8523658894333,0.09260000675521775
0.6666666666666666,1805.0355511600483,0.0906627834823271
0.6666666666666666,1805.2187364306637,0.08876608757158817
0.6666666666666666,1805.4019217012788,0.08690907117695988
0.6666666666666666,1805.5851069718942,0.08509090418962498
0.6666666666666666,1805.7682922425092,0.08331077386692215
0.6666666666666666,1805.9514775131247,0.0815678844690394
0.6666666666666666,1806.161775700984,0.07986145690330941
0.6666666666666666,1806.6892352095747,0.07819072837594537
0.6666666666666666,1806.8842099360168,0.0765549520510627
0.6666666666666666,1807.0301446512722,0.07495339671683494
0.6666666666666666,1807.1760793665285,0.07338534645863251
0.6666666666666666,1807.3220140817843,0.07185010033900086
0.6666666666666666,1807.46794879704,0.07034697208433258
0.6666666666666666,1807.613883512296,0.06887528977809468
0.6666666666666666,1807.759818227552,0.06743439556047418
0.6666666666666666,1807.905752942808,0.06602364533430628
0.6666666666666666,1808.0516876580637,0.06464240847715574
0.6666666666666666,1808.1976223733197,0.06329006755942033
0.6666666666666666,1808.3435570885754,0.06196601806833293
0.6666666666666666,1808.4894918038315,0.06066966813773669
0.6666666666666666,1809.1115386656413,0.05940043828351358
0.6666666666666666,1809.3960120090414,0.05815776114454846
0.6666666666666666,1809.515586547503,0.05694108122911107
0.6666666666666666,1809.6351610859651,0.05574985466654515
0.6666666666666666,1809.6828046744572,0.05528219158476965
0.6666666666666666,1809.7547356244268,0.054583548964151504
0.6666666666666666,1809.8743101628888,0.053441642769156895
0.6666666666666666,1809.9938847013505,0.0523236256356637
0.6666666666666666,1810.1134592398123,0.05122899779647384
0.6666666666666666,1810.2330337782741,0.05015726993968725
0.6666666666666666,1810.352608316736,0.049107962989973115
0.6666666666666666,1810.472182855198,0.04808060789441776
0.6666666666666666,1810.59220580638,0.04707474541285215
0.6666666666666666,1811.1109840412194,0.04608992591256582
0.6666666666666666,1811.652024991136,0.04512570916731599
0.6666666666666666,1811.7517653903567,0.04418166416054067
0.6666666666666666,1811.8515057895775,0.04325736889268941
0.6666666666666666,1811.9512461887985,0.04235241019258422
0.6666666666666666,1812.0509865880194,0.041466383532726914
0.6666666666666666,1812.15072698724,0.04059889284847076
0.6666666666666666,1812.250467386461,0.03974955036097441
0.6666666666666666,1812.3502077856815,0.038917976403860424
0.6666666666666666,1812.4499481849025,0.03810379925349944
0.6666666666666666,1812.5496885841235,0.03730665496284552
0.6666666666666666,1812.7463269841887,0.03652618719874729
0.6666666666666666,1813.4983587465504,0.035762047082662576
0.6666666666666666,1813.8514671560733,0.035013893034705756
0.6666666666666666,1813.9357070669937,0.03428139062095709
0.6666666666666666,1814.0199469779143,0.03356421240396704
0.6666666666666666,1814.1041868888346,0.032862037796387446
0.6666666666666666,1814.188426799755,0.03217455291766534
0.6666666666666666,1814.2726667106758,0.03150145045373446
0.6666666666666666,1814.3569066215962,0.030842429519642032
0.6666666666666666,1814.4411465325165,0.03019719552504976
0.6666666666666666,1814.5253864434371,0.029565460042548165
0.6666666666666666,1814.6501835233394,0.02894694067872621
0.6666666666666666,1815.4131582155899,0.028341360947937978
0.6666666666666666,1815.9655107851925,0.027748450148710108
0.6666666666666666,1816.0373223343238,0.02716794324273521
0.6666666666666666,1816.109133883455,0.026599580736396223
0.6666666666666666,1816.1809454325862,0.02604310856476998
0.6666666666666666,1816.252756981717,0.02549827797805678
0.6666666666666666,1816.3245685308484,0.0249648454303864
0.6666666666666666,1816.3963800799795,0.024442572470950184
0.6666666666666666,1816.4681916291108,0.023931225637410385
0.6666666666666666,1816.540003178242,0.02343057635154004
0.6666666666666666,1816.69449081803,0.02307511384400731
0.6666666666666666,1816.7585726718085,0.022940400817045393
0.6666666666666666,1817.682073118232,0.02246047991952647
0.6666666666666666,1818.5764418896101,0.02199059912853022
0.6666666666666666,1819.447961393445,0.021530548401652718
0.6666666666666666,1819.7591687201382,0.021080122090647833
0.6666666666666666,1819.8259398269279,0.02063911884949979
0.6666666666666666,1819.8927109337174,0.02020734154441926
0.6666666666666666,1819.9594820405073,0.01978459716572195
0.6666666666666666,1820.0262531472968,0.019370696741551136
0.6666666666666666,1820.0930242540865,0.01896545525340486
0.6666666666666666,1820.1597953608762,0.01856869155343036
0.6666666666666666,1820.2265664676656,0.018180228283448938
0.6666666666666666,1820.3253742668849,0.017799891795674552
0.6666666666666666,1821.2131880706604,0.017427512075091273
0.6666666666666666,1822.0247230634677,0.017062922663454463
0.6666666666666666,1822.165765891518,0.016705960584881874
0.6666666666666666,1822.2234572065195,0.016356466273001552
0.6666666666666666,1822.2811485215211,0.01601428349962367
0.6666666666666666,1822.3388398365223,0.015679259304904682
0.6666666666666666,1822.396531151524,0.01535124392897234
0.6666666666666666,1822.4542224665254,0.01503009074498133
0.6666666666666666,1822.5119137815268,0.014715656193569201
0.6666666666666666,1822.5696050965282,0.014407799718683641
0.6666666666666666,1823.2848906948486,0.014106383704752203
0.6666666666666666,1823.7061769616025,0.013970834924935284
0.6666666666666666,1824.2073643231856,0.013811273415166473
0.6666666666666666,1824.624658507178,0.013522336932053203
0.6666666666666666,1824.674727073921,0.013239445097305402
0.6666666666666666,1824.724795640664,0.012962471454847064
0.6666666666666666,1824.774864207407,0.012691292194105861
0.6666666666666666,1824.82493277415,0.012425786094668203
0.6666666666666666,1824.8750013408933,0.012165834472092367
0.6666666666666666,1824.9250699076365,0.011911321124854993
0.6666666666666666,1824.9751384743795,0.0116621322824077
0.6666666666666666,1825.68494126951,0.011418156554320224
0.6666666666666666,1826.630954387956,0.011179284880487512
0.6666666666666666,1827.2236133882295,0.010945410482378631
0.6666666666666666,1827.2672254356924,0.010716428815305356
0.6666666666666666,1827.310837483155,0.01049223752168953
0.6666666666666666,1827.354449530618,0.010272736385307936
0.6666666666666666,1827.3980615780808,0.010057827286494413
0.6666666666666666,1827.4416736255434,0.00984741415827924
0.6666666666666666,1827.4852856730063,0.009641402943445959
0.6666666666666666,1827.5756783964193,0.009439701552486746
0.6666666666666666,1828.4272403947248,0.009242219822437198
0.6666666666666666,1829.3965118889248,0.009048869476572479
0.6666666666666666,1829.985430399829,0.008859564084946477
0.6666666666666666,1830.0235366887252,0.008674219025756639
0.6666666666666666,1830.0616429776214,0.008492751447516966
0.6666666666666666,1830.0997492665176,0.00831508023202238
0.6666666666666666,1830.1378555554138,0.008141125958087955
0.6666666666666666,1830.17596184431,0.007970810866046622
0.6666666666666666,1830.2140681332062,0.007804058822989715
0.6666666666666666,1830.5546032727195,0.0076407952887346114
0.6666666666666666,1830.7178631051752,0.0076137961181595975
0.6666666666666666,1831.5437225193423,0.007480947282504346
0.6666666666666666,1832.5356603476428,0.007324443350304374
0.6666666666666666,1832.9319806290637,0.00717121353298171
0.6666666666666666,1832.965365716856,0.007021189334952389
0.6666666666666666,1832.9987508046484,0.006874303693583092
0.6666666666666666,1833.032135892441,0.0067304909492133125
0.6666666666666666,1833.0655209802335,0.006589686815804745
0.6666666666666666,1833.0989060680258,0.006451828352204591
0.6666666666666666,1833.2182296073343,0.006316853934010153
0.6666666666666666,1834.043261514912,0.0061847032260219335
0.6666666666666666,1835.057462655191,0.00605531715527311
0.6666666666666666,1836.0705455360642,0.005928637884623185
0.6666666666666666,1837.0126843768253,0.005804608786904068
0.6666666666666666,1837.729549248748,0.005711977361714365
0.6666666666666666,1837.9548232175869,0.005683174419607086
0.6666666666666666,1838.8969620583484,0.005564280500099463
0.6666666666666666,1839.258133429329,0.005447873881359368
0.6666666666666666,1839.2899469946383,0.005333902528218535
0.6666666666666666,1839.321760559947,0.005222315494101893
0.6666666666666666,1839.353574125256,0.005113062898253874
0.6666666666666666,1839.385387690565,0.005006095903441064
0.6666666666666666,1839.417201255874,0.0049013666941214095
0.6666666666666666,1839.9926405966207,0.004798828455070054
0.6666666666666666,1840.9534156841232,0.0046984353504524005
0.6666666666666666,1841.914190771626,0.004600142503334917
0.6666666666666666,1842.7791133659807,0.0045039059756245975
0.6666666666666666,1842.9304519990487,0.004409682748428131
0.6666666666666666,1842.958446524197,0.0043174307028218985
0.6666666666666666,1842.986441049345,0.004227108601024337
0.6666666666666666,1843.0144355744933,0.0041386760679621385
0.6666666666666666,1843.0424300996415,0.004052093573222088
0.6666666666666666,1843.3834235769204,0.003967322413380525
0.6666666666666666,1844.3628249407172,0.003884324694702402
0.6666666666666666,1844.7412353923205,0.0038527239808837845
0.6666666666666666,1845.3422263045143,0.0038030633162023687
0.6666666666666666,1846.321627668311,0.003723501953060145
0.6666666666666666,1846.8590842889582,0.0036456050403829133
0.6666666666666666,1846.8837592968223,0.0035693377573073714
0.6666666666666666,1846.9084343046864,0.003494666011434374
0.6666666666666666,1846.9331093125506,0.0034215564235892397
0.6666666666666666,1846.9577843204147,0.0033499763129008304
0.6666666666666666,1847.2240983401143,0.0032798936821928307
0.6666666666666666,1848.2220496495531,0.003211277203680609
0.6666666666666666,1849.220000958992,0.003144096204967312
0.6666666666666666,1850.217952268431,0.0030783206553329527
0.6666666666666666,1851.102727445151,0.003013921152310289
0.6666666666666666,1851.1245075629738,0.002950868908541593
0.6666666666666666,1851.1462876807968,0.002889135738910324
0.6666666666666666,1851.1680677986196,0.002828694047942066
0.6666666666666666,1851.1898479164424,0.002769516817469007
0.6666666666666666,1851.5428315671245,0.002711577594552468
0.6666666666666666,1851.7529215358932,0.002699231146328522
0.6666666666666666,1852.5161305428767,0.0026548504796581715
0.6666666666666666,1853.4894295186286,0.0025993101150787795
0.6666666666666666,1854.4627284943813,0.0025449316735987287
0.6666666666666666,1855.436027470133,0.002491690847396154
0.6666666666666666,1856.4093264458852,0.0024395638371769814
0.6666666666666666,1857.3826254216376,0.0023885273415363848
0.6666666666666666,1858.35592439739,0.0023385585465427556
0.6666666666666666,1858.7646076794658,0.0023178898016981194
0.6666666666666666,1859.329223373142,0.0022896351155396073
0.6666666666666666,1860.302522348894,0.002241735179160809
0.6666666666666666,1860.925124507773,0.002194837325554729
0.6666666666666666,1861.057824023968,0.00214892059081287
0.6666666666666666,1861.078876941217,0.0021039644495987413
0.6666666666666666,1861.099929858466,0.0020599488059728018
0.6666666666666666,1861.1185926373114,0.0020168539844093126
0.6666666666666666,1861.1345109249892,0.001974660721001156
0.6666666666666666,1861.150429212667,0.0019333501548486206
0.6666666666666666,1861.1663475003447,0.0018929038196283628
0.6666666666666666,1861.1822657880225,0.001853303635338732
0.6666666666666666,1861.1981840757003,0.001814531900217785
0.6666666666666666,1861.3826995690795,0.0017765712828303967
0.6666666666666666,1862.114607684151,0.0017394048143208845
0.6666666666666666,1863.194793674042,0.0017030158808277371
0.6666666666666666,1864.2749796639332,0.001667388216057011
0.6666666666666666,1865.3551656538245,0.0016325058940110976
0.6666666666666666,1865.7762938230385,0.0016191050107244051
0.6666666666666666,1866.4353516437159,0.0015983533218696122
0.6666666666666666,1867.515537633607,0.0015649152330192181
0.6666666666666666,1868.5957236234983,0.0015321766802292628
0.6666666666666666,1869.6759096133896,0.0015001230289701769
0.6666666666666666,1870.7560956032808,0.001468739950871681
0.6666666666666666,1871.836281593172,0.0014380134173178098
0.6666666666666666,1872.7879799666111,0.001411474899101943
0.6666666666666666,1872.9164675830632,0.001407929693175962
0.6666666666666666,1872.9382549985423,0.0013784753306571322
0.6666666666666666,1872.9514448081154,0.0013496371633045766
0.6666666666666666,1872.9646346176885,0.0013214023001082566
0.6666666666666666,1872.9877135640227,0.0012937581197423982
0.6666666666666666,1873.422268356066,0.001266692264923601
0.6666666666666666,1874.5083745996437,0.0012401926368869954
0.6666666666666666,1875.5944808432214,0.0012142473899779288
0.6666666666666666,1876.6805870867993,0.0011888449263568403
0.6666666666666666,1877.7666933303767,0.001163973890814861
0.6666666666666666,1878.8527995739546,0.001139623165697914
0.6666666666666666,1879.7996661101838,0.0011188102457820367
0.6666666666666666,1879.9389058175323,0.0011157818659369835
0.6666666666666666,1881.02501206111,0.001092439334182354
0.6666666666666666,1882.1111183046876,0.0010695851360396527
0.6666666666666666,1883.1972245482655,0.0010472090554055412
0.6666666666666666,1884.2833307918431,0.0010253010899010004
0.6666666666666666,1885.3694370354208,0.0010038514464001435
0.6666666666666666,1886.4555432789984,0.000982850536652567
0.6666666666666666,1886.811352253756,0.0009673406972040342
0.6666666666666666,1886.9321008948375,0.0009622889729972897
0.6666666666666666,1886.9491488771457,0.0009421575641663562
0.6666666666666666,1887.3451932567646,0.0009224473111762259
0.6666666666666666,1888.4362052600977,0.0009031494033051189
0.6666666666666666,1889.5272172634309,0.0008842552141545192
0.6666666666666666,1890.618229266764,0.0008657562977930622
0.6666666666666666,1891.7092412700977,0.0008476443849811126
0.6666666666666666,1892.8002532734308,0.0008299113794743063
0.6666666666666666,1893.823038397329,0.000813624369135167
0.6666666666666666,1893.888601276257,0.0008125493544044343
0.6666666666666666,1894.9370134046717,0.0007955505487360335
0.6666666666666666,1895.985425533086,0.0007789073637971122
0.6666666666666666,1897.033837661501,0.000762612359882453
0.6666666666666666,1898.0822497899153,0.0007466582529279718
0.6666666666666666,1899.13066191833,0.0007310379112546551
0.6666666666666666,1900.1790740467443,0.0007157443523806101
0.6666666666666666,1900.8347245409016,0.0007063431820910208
0.6666666666666666,1901.1394408637611,0.0007007707398998128
0.6666666666666666,1902.0046487192935,0.0006861103804261534
0.6666666666666666,1903.25092239561,0.0006717567206014093
0.6666666666666666,1904.0679711187217,0.0006577033441658132
0.6666666666666666,1904.8850198418331,0.0006439439690899121
0.6666666666666666,1905.7020685649447,0.0006304724447664181
0.6666666666666666,1906.5191172880566,0.000617282749260818
0.6666666666666666,1907.3361660111682,0.000604368986619493
0.6666666666666666,1907.846410684474,0.0005964417769131217
0.6666666666666666,1908.1532147342798,0.0005917253842341546
0.6666666666666666,1908.9702634573914,0.0005793462902614208
0.6666666666666666,1909.7873121805032,0.0005672261710963744
0.6666666666666666,1910.604360903615,0.0005553596088989728
0.6666666666666666,1911.4214096267265,0.000543741299172209
0.6666666666666666,1912.2384583498383,0.0005323660483909356
0.6666666666666666,1913.05550707295,0.0005212287716802978
0.6666666666666666,1913.8725557960615,0.0005103244905427326
0.6666666666666666,1914.6896045191734,0.0004996483306325192
0.6666666666666666,1914.8580968280467,0.0004981797339829875
0.6666666666666666,1916.049304008141,0.0004891955195768905
0.6666666666666666,1918.0320404090926,0.00047896138484271794
0.6666666666666666,1920.014776810044,0.000468941351647839
0.6666666666666666,1921.783588345005,0.0004591309409160725
0.6666666666666666,1921.8697829716193,0.0004586364541698687
0.6666666666666666,1923.4747288045626,0.00044952576727501684
0.6666666666666666,1925.16586926412,0.0004401215370957338
0.6666666666666666,1926.8433760720545,0.0004309140465734481
0.6666666666666666,1927.929619396754,0.00042189917984839165
0.6666666666666666,1921.8697829716193,0.00041523609758947316
0.6666666666666666,1914.8580968280469,0.0004131455844344085
0.6666666666666666,1914.6136959203393,0.000413072907165968
0.6666666666666666,1909.1505999217732,0.00041145168416248346
0.6666666666666666,,
